Chemoeffectors,Response,SMILES,Iso_SMILES,RDKit_Mol,PMI1,PMI2,PMI3,NPR1,NPR2,RadiusOfGyration,InertialShapeFactor,Eccentricity,Asphericity,SpherocityIndex,PBF
N-acetyl-L-aspartate,attractant,CC(=O)NC(CC(=O)O)C(=O)O,CC(=O)N[C@@H](CC(=O)O)C(=O)O,<rdkit.Chem.rdchem.Mol object at 0x000002B6C1D45AF0>,517.9951416741569,652.5848943974986,945.8153995350154,0.5476704459758376,0.6899706800273333,2.4580501405257524,0.0013320022226412252,0.8366941392197195,0.12820736473555094,0.3017940865941287,0.6749334927998973
N-acetyl-L-serine,attractant,CC(=O)NC(CO)C(=O)O,CC(=O)N[C@@H](CO)C(=O)O,<rdkit.Chem.rdchem.Mol object at 0x000002B6C1D45070>,300.17954073889234,543.2115262974949,707.8178882534709,0.42409148697778815,0.7674453207700931,2.295987589997606,0.002556621010482678,0.9056193519757452,0.20972792041362717,0.29303013020725405,0.6372972377023965
Beta-alanine,none,C(CN)C(=O)O,C(CN)C(=O)O,<rdkit.Chem.rdchem.Mol object at 0x000002B6C1D454D0>,63.327679194220664,267.79612233026137,301.9155825303134,0.209752933795202,0.8869900655206284,1.884847155131249,0.014006356727526752,0.9777544204780183,0.4985574345412166,0.2977618558245393,0.4872894881497122
L-alpha-Aminoadipate,none,C(CC(C(=O)O)N)CC(=O)O,C(C[C@@H](C(=O)O)N)CC(=O)O,<rdkit.Chem.rdchem.Mol object at 0x000002B6C1D45000>,242.00318545877775,1069.9207743927009,1203.5422920254844,0.20107576365389032,0.8889764667863004,2.7936349967311966,0.0036734081210584996,0.9795756924663886,0.5145291408997743,0.2264078134206693,0.5556168302442855
gamma-amino-n-butyrate,none,C(CC(=O)[O-])C[NH3+],C(CC(=O)[O-])C[NH3+],<rdkit.Chem.rdchem.Mol object at 0x000002B6C1D44F90>,84.05619080905791,403.48200795531426,454.52681588452276,0.18493120289389758,0.8876968175576753,2.137233053209868,0.010560754764323877,0.982751469190566,0.5451055567558327,0.334719673641774,0.5152937807690534
alpha-aminoisobutyrate,attractant,CC(C)(C(=O)O)N,CC(C)(C(=O)O)N,<rdkit.Chem.rdchem.Mol object at 0x000002B6C1D44F20>,145.82267936800787,215.13545573657518,254.75391593363247,0.5724060367574371,0.8444834103850299,1.7278270594281393,0.005791166463577556,0.8199703220749174,0.09622703073052986,0.7588777867472273,0.8774484050272893
DL-2-amino-1-propanol,attractant,CC(CO)N,CC(CO)N,<rdkit.Chem.rdchem.Mol object at 0x000002B6C1D44EB0>,62.46720689882522,137.6999051042202,180.23658100102256,0.34658450882660063,0.7639953240315791,1.591312932860377,0.01223034231815393,0.938018751540407,0.2949264047679521,0.4399742758749798,0.5759862754310634
ammonium,attractant,[NH4+],[NH4+],<rdkit.Chem.rdchem.Mol object at 0x000002B6C1D44E40>,2.887950294553713,2.9147866003994474,3.037999823831718,0.9506091053393304,0.9594426495795954,0.4950202914428959,0.3322227018203795,0.310390606890669,0.000983040492775526,0.9375280758529915,0.4053265770039481
D-aspartate,attractant,C(C(C(=O)O)N)C(=O)O,C([C@H](C(=O)O)N)C(=O)O,<rdkit.Chem.rdchem.Mol object at 0x000002B6C1D44DD0>,207.84265469063325,385.2521300060211,506.53113988891926,0.41032552260501204,0.7605694885619584,2.032420492554273,0.003659352261902352,0.911939123790028,0.22394986321101168,0.3254817978917993,0.5850566758025917
L-aspartate,attractant,C(C(C(=O)O)N)C(=O)O,C([C@@H](C(=O)O)N)C(=O)O,<rdkit.Chem.rdchem.Mol object at 0x000002B6C1D44D60>,187.80621225740313,446.418090062151,576.9448320287808,0.3255184929848448,0.7737621784258942,2.1330128777052617,0.004120003109191045,0.9455356739567659,0.32086887758251087,0.277643892067411,0.5477703010679289
L-citrulline,attractant,C(CC(C(=O)O)N)CNC(=O)N,C(C[C@@H](C(=O)O)N)CNC(=O)N,<rdkit.Chem.rdchem.Mol object at 0x000002B6C1D44CF0>,277.10765039694303,1244.0376719471542,1351.4186539900147,0.2050494490206959,0.9205420306092253,2.8633054492666785,0.003321965414129109,0.9787516147911629,0.509143054921181,0.2693493279509319,0.7032296667084723
l-cysteate,attractant,C(C(C(=O)[O-])N)S(=O)(=O)O,C(C(C(=O)[O-])N)S(=O)(=O)O,<rdkit.Chem.rdchem.Mol object at 0x000002B6C1D44C80>,251.9411132712375,622.8702833172224,709.4573063343639,0.3551180754948753,0.8779531590639036,2.170456008111762,0.003484755416313126,0.9348214548547846,0.2824063067227199,0.35558993407704953,0.6031640785152139
formate,none,C(=O)[O-],C(=O)[O-],<rdkit.Chem.rdchem.Mol object at 0x000002B6C1D44040>,6.226342994425147,42.85677639490783,49.08311938933297,0.12685304177668652,0.8731469582233137,1.044185848505558,0.14023431715938223,0.9919215219925427,0.6677159572939336,2.1711110136218455e-15,2.5395556145482477e-08
fumarate,attractant,C(=CC(=O)[O-])C(=O)[O-],C(=C/C(=O)[O-])\C(=O)[O-],<rdkit.Chem.rdchem.Mol object at 0x000002B6C1D440B0>,86.93653018039628,496.1323738257531,583.068903976314,0.14910164062518397,0.8508983594259856,2.261001611627403,0.009787581326978916,0.9888218751437888,0.6193889758323994,8.88938594070461e-11,1.04029974069636e-05
glutathione,attractant,C(CC(=O)NC(CS)C(=O)NCC(=O)O)C(C(=O)O)N,C(CC(=O)N[C@@H](CS)C(=O)NCC(=O)O)[C@@H](C(=O)O)N,<rdkit.Chem.rdchem.Mol object at 0x000002B6C1D44120>,863.6814990880765,5097.667789695903,5629.230771876002,0.15342797872190364,0.9055709378915815,4.342466961236996,0.001048501025954283,0.9881598328941079,0.6091884477944469,0.1323228140147901,0.7654419058736929
DL-glycerate,none,C(C(C(=O)O)O)O,C(C(C(=O)O)O)O,<rdkit.Chem.rdchem.Mol object at 0x000002B6C1D44190>,141.374655990866,230.35967902665678,282.7622622535993,0.4999771004239319,0.8146761777569012,1.7564188294961283,0.005762533404923272,0.866038624457176,0.14312450039652522,0.48394087330471564,0.6807704946565981
L-homocysteine,none,C(CS)C(C(=O)O)N,C(CS)[C@@H](C(=O)O)N,<rdkit.Chem.rdchem.Mol object at 0x000002B6C1D44200>,193.13322047486386,455.07495020892895,560.8587988736056,0.3443526621366033,0.811389517509351,2.114662720109412,0.004201190843886708,0.9388403719905924,0.29418453651769194,0.5236370936727188,0.7303649740415957
L-homoserine,attractant,C(CO)C(C(=O)O)N,C(CO)[C@@H](C(=O)O)N,<rdkit.Chem.rdchem.Mol object at 0x000002B6C1D44270>,167.81644405227055,378.47398740436273,501.75940224691715,0.33445600281883237,0.7542937625274726,2.0974114111688413,0.0044947547708288306,0.9424113656882801,0.3115303652303304,0.28772470279316575,0.5156703711821502
DL-threo-Beta-hydroxyaspartate,attractant,C(C(C(=O)O)O)(C(=O)O)N,[C@H]([C@@H](C(=O)O)O)(C(=O)O)N,<rdkit.Chem.rdchem.Mol object at 0x000002B6C1D44510>,196.93492197194536,616.173173062829,639.3299074690228,0.30803333251148957,0.963779679105164,2.2069478424826667,0.004893899311786158,0.9513755652011808,0.3526872149384572,0.396936547536698,0.5986946552178154
hydroxypyruvate,none,C(C(=O)C(=O)O)O,C(C(=O)C(=O)O)O,<rdkit.Chem.rdchem.Mol object at 0x000002B6C1D442E0>,93.47986232782965,277.7539357257666,366.51700493215156,0.2550491820840191,0.7578200519705314,1.8827638458251759,0.008106773299610676,0.9669280814612184,0.4276692154000264,0.1327970843555487,0.3142225487157291
Isoasparagine,attractant,C(C(C(=O)N)N)C(=O)O,C([C@@H](C(=O)N)N)C(=O)O,<rdkit.Chem.rdchem.Mol object at 0x000002B6C1D44580>,192.42999907823904,434.4291010107446,569.1438012943329,0.3381043571776051,0.7633028770985059,2.127494665625436,0.003966652189132729,0.9411086247918028,0.3056786890887148,0.27749276647861815,0.5657888067225972
Isoserine,attractant,C(C(C(=O)O)O)N,C(C(C(=O)O)O)N,<rdkit.Chem.rdchem.Mol object at 0x000002B6C1D444A0>,150.59418135386082,202.99443424140128,329.35081200138075,0.45724551410314873,0.6163471497393797,1.802557803939732,0.004092768686003273,0.8893405083726634,0.21725974909475276,0.28896907892536094,0.4738335093502223
alpha-ketoglutarate,none,C(CC(=O)[O-])C(=O)C(=O)[O-],C(CC(=O)[O-])C(=O)C(=O)[O-],<rdkit.Chem.rdchem.Mol object at 0x000002B6C1D44430>,166.40916385679714,822.7542565276224,885.2276477940011,0.18798459839284387,0.9294267509356907,2.550411400674694,0.005585189717890211,0.9821719761666391,0.5415879533453662,0.35627229408762534,0.6651399618960391
DL-lactate,none,CC(C(=O)[O-])O,CC(C(=O)[O-])O,<rdkit.Chem.rdchem.Mol object at 0x000002B6C1D46F80>,96.49348318847119,155.9895875849698,216.288373784814,0.4461334721785502,0.7212111536802451,1.6221830167232836,0.007474195457029721,0.8949664379192722,0.19592147757741127,0.45414018324278016,0.5241614816239677
L-malate,attractant,C(C(C(=O)[O-])O)C(=O)[O-],C([C@@H](C(=O)[O-])O)C(=O)[O-],<rdkit.Chem.rdchem.Mol object at 0x000002B6C1D46FF0>,143.80733545559596,553.8037876420428,602.7212199186476,0.23859676862713805,0.9188390409031767,2.218750414283667,0.006389375326315609,0.9711187270363434,0.4507658968968622,0.4281121792727514,0.599292777369924
methylammonium,attractant,C[NH3+],C[NH3+],<rdkit.Chem.rdchem.Mol object at 0x000002B6C1D47060>,6.114345619298792,23.97697772018145,24.169912234150743,0.25297343077065715,0.9920175749046912,0.919829740719534,0.16224427545828823,0.9674732261536355,0.4382150920912549,0.6066655214730848,0.48906521233670397
DL-Beta-methylaspartate,attractant,CC(C(C(=O)O)N)C(=O)O,CC(C(C(=O)O)N)C(=O)O,<rdkit.Chem.rdchem.Mol object at 0x000002B6C1D470D0>,216.90026975916913,555.0210818602868,708.2161549635456,0.30626281007432504,0.7836888186896213,2.2427735031466676,0.0036131297557157236,0.9519470001871836,0.34616075848578953,0.23881962956393477,0.5437019902744563
N-methyl-DL-aspartate,attractant,CNC(CC(=O)[O-])C(=O)[O-],CNC(CC(=O)[O-])C(=O)[O-],<rdkit.Chem.rdchem.Mol object at 0x000002B6C1D47140>,260.62432179302795,468.26529381326316,599.0334237935614,0.4350747578366248,0.781701446386465,2.139029619921029,0.00299934189184095,0.9003943331082234,0.19818285018003542,0.468308889285574,0.7101793155860542
N-methyl-L-serine,attractant,CNC(CO)C(=O)O,CN[C@@H](CO)C(=O)O,<rdkit.Chem.rdchem.Mol object at 0x000002B6C1D471B0>,184.0675675426108,288.15011412527355,428.57996416237086,0.42948243719782325,0.6723368757763618,1.9444925387712866,0.0036526634471915806,0.9030752106766179,0.22266694352468153,0.30446642922589756,0.5530871547670357
O-methyl-DL-serine,attractant,COCC(C(=O)O)N,COCC(C(=O)O)N,<rdkit.Chem.rdchem.Mol object at 0x000002B6C1D47220>,141.74632340698776,422.4648075589996,525.3387888390104,0.2698188795848193,0.8041759271053248,2.13853432965218,0.005673345930788924,0.962911092583107,0.3984926488022141,0.2324376003707291,0.5138441350051928
2-methylsuccinate,attractant,CC(CC(=O)O)C(=O)O,CC(CC(=O)O)C(=O)O,<rdkit.Chem.rdchem.Mol object at 0x000002B6C1D47290>,227.84949181316568,396.97506608266906,494.4790268667943,0.4607869685735835,0.802814769714406,2.0581777785068534,0.0035234433192096216,0.8875107715361923,0.17432672380567638,0.3603985984821048,0.6836235392463653
L-ornithine,attractant,C(CC(C(=O)O)N)CN,C(C[C@@H](C(=O)O)N)CN,<rdkit.Chem.rdchem.Mol object at 0x000002B6C1D47300>,173.77468483559977,596.775781509059,728.4945273011155,0.23853945132489904,0.8191904800163147,2.381427652410307,0.004714095616351214,0.9711328076847244,0.44856553711829855,0.20195229731479314,0.48863315228991755
oxaloacetate,none,C(C(=O)C(=O)O)C(=O)O,C(C(=O)C(=O)O)C(=O)O,<rdkit.Chem.rdchem.Mol object at 0x000002B6C1D47370>,203.84195872591903,377.67183091899005,470.05063597004425,0.43365957436745095,0.8034705242757264,1.995258693910063,0.003941634633505722,0.9010767856067768,0.19826178902753186,0.40271262479862957,0.6373648318435402
pyruvate,none,CC(=O)C(=O)[O-],CC(=O)C(=O)[O-],<rdkit.Chem.rdchem.Mol object at 0x000002B6C1D473E0>,86.66515723281132,147.06486720634106,230.37473015526965,0.3761921160988452,0.6383723905274733,1.632670874798738,0.007365963564949101,0.9265416837817243,0.2900843314333484,0.17493962357609097,0.2449736733114015
D-serine,attractant,C(C(C(=O)O)N)O,C([C@H](C(=O)O)N)O,<rdkit.Chem.rdchem.Mol object at 0x000002B6C1D47450>,141.694103074098,209.4886540872573,323.95755023246306,0.43738478381634316,0.6466546432917953,1.7922357082847338,0.00456373715816269,0.899274458041554,0.22342071522564222,0.30097797527685444,0.4526405611865985
L-serine,attractant,C(C(C(=O)O)N)O,C([C@@H](C(=O)O)N)O,<rdkit.Chem.rdchem.Mol object at 0x000002B6C1D474C0>,140.63093211253633,233.12962527645456,275.1151685406972,0.5111711319244584,0.8473892098100297,1.757028763641706,0.00602562464089997,0.8594789548831712,0.13492696013402247,0.5850661530189233,0.7663716467096365
L-serine methyl ester,attractant,COC(=O)C(CO)N.Cl,COC(=O)[C@H](CO)N.Cl,<rdkit.Chem.rdchem.Mol object at 0x000002B6C1D47530>,162.51507410216513,365.66130775405196,402.01277859709234,0.40425350325752196,0.9095763299617081,1.7289895166897766,0.005596873613028062,0.9146469838708376,0.23102861748154357,0.31964093521009496,0.574334820957772
DL-serinol,none,C(C(CO)N)O,C(C(CO)N)O,<rdkit.Chem.rdchem.Mol object at 0x000002B6C1D475A0>,82.88967049447709,216.68598620218506,249.05016605317678,0.33282318903083413,0.8700495552206081,1.7351622930547896,0.010496477426322731,0.9429892495905484,0.3093668170799721,0.566897500715403,0.7258972771626998
succinate,attractant,C(CC(=O)[O-])C(=O)[O-],C(CC(=O)[O-])C(=O)[O-],<rdkit.Chem.rdchem.Mol object at 0x000002B6C1D47610>,95.05717076709878,505.46166426945666,594.1338672645047,0.15999285010423403,0.8507538319548922,2.2685173398214973,0.00894991745587862,0.9871181732272606,0.5960953244337013,0.19653501306453303,0.2997745259741778
L-cysteine,attractant,C(C(C(=O)O)N)S,C([C@@H](C(=O)O)N)S,<rdkit.Chem.rdchem.Mol object at 0x000002B6C1D47680>,171.2960466218791,314.0779414911848,362.60906504737903,0.4723986881009092,0.8661613063924557,1.8706699251215182,0.005056516618299023,0.8813849780206944,0.16505257211410598,0.5375344180322446,0.7568356478975821
L-glutamate,attractant,C(CC(=O)O)C(C(=O)O)N,C(CC(=O)O)[C@@H](C(=O)O)N,<rdkit.Chem.rdchem.Mol object at 0x000002B6C1D476F0>,182.3395085630248,843.2659975934366,947.0004342848923,0.19254427132413585,0.8904599903697102,2.589134150160474,0.004883527423032002,0.981288287701559,0.5305807124104451,0.23870451051342065,0.6050290197645001
L-asparagine,attractant,C(C(C(=O)O)N)C(=O)N,C([C@@H](C(=O)O)N)C(=O)N,<rdkit.Chem.rdchem.Mol object at 0x000002B6C1D47760>,205.41581418526826,430.78598532180473,464.83459399000685,0.44191163231212593,0.9267511301688228,2.0412829137289803,0.0045115860910931085,0.8970585873995256,0.1967350991287508,0.45579282209459526,0.7638999616959851
L-alanine,attractant,CC(C(=O)O)N,C[C@@H](C(=O)O)N,<rdkit.Chem.rdchem.Mol object at 0x000002B6C1D477D0>,100.04581065141925,158.86185897758898,229.060767977676,0.4367653681365881,0.6935358698922701,1.6548423988473369,0.006932183020723334,0.8995754627581338,0.21025355998211478,0.3978788580497284,0.5213857703513638
glycine,attractant,C(C(=O)O)N,C(C(=O)O)N,<rdkit.Chem.rdchem.Mol object at 0x000002B6C1D47840>,55.84737230331642,120.38468136043682,169.77377080377138,0.32895171049635313,0.7090888114841976,1.5181062804528809,0.012696905552386917,0.9443467436072005,0.3271561258239743,0.28809409152196747,0.4054233099838451
L-methionine,attractant,CSCCC(C(=O)O)N,CSCC[C@@H](C(=O)O)N,<rdkit.Chem.rdchem.Mol object at 0x000002B6C1D478B0>,227.62555394593107,702.0340115050761,818.952928777564,0.27794705403362263,0.8572336538963105,2.4206140466406145,0.003765981626561722,0.960596395555402,0.3848722503788129,0.31573399374153965,0.7119535677359354
L-threonine,attractant,CC(C(C(=O)O)N)O,C[C@H]([C@@H](C(=O)O)N)O,<rdkit.Chem.rdchem.Mol object at 0x000002B6C1D47920>,159.1196470594289,334.4324543570873,381.85076119552866,0.41670637649443065,0.8758197922927262,1.9168875690909593,0.0055041587162748045,0.9090411408670577,0.21555258676255867,0.45155828687634997,0.6996723717815153
L-proline,attractant,C1CC(NC1)C(=O)O,C1C[C@H](NC1)C(=O)O,<rdkit.Chem.rdchem.Mol object at 0x000002B6C1D47990>,115.5685162839201,347.0657108897842,422.02423693829115,0.2738433155459236,0.8223833621682077,1.9600845082205696,0.007115980966198768,0.9617743178785839,0.391313085360638,0.30715850483513196,0.5435617419310701
L-isoleucine,repellent,CCC(C)C(C(=O)O)N,CC[C@H](C)[C@@H](C(=O)O)N,<rdkit.Chem.rdchem.Mol object at 0x000002B6C1D47A00>,231.6284068602965,446.0937691468091,516.789606043415,0.4482063960876907,0.8632018986646051,2.1338047846438566,0.0037266668210744697,0.8939301015773461,0.18545666862319563,0.5143550215171137,0.882180872655853
L-leucine,repellent,CC(C)CC(C(=O)O)N,CC(C)C[C@@H](C(=O)O)N,<rdkit.Chem.rdchem.Mol object at 0x000002B6C1D47A70>,210.12344770809904,456.0888228403988,592.3639938919262,0.3547201549634278,0.7699469034973282,2.1902779663350804,0.003664259804869227,0.9349725192018863,0.28431275584434673,0.27729507128205244,0.6064367824202991
L-valine,repellent,CC(C)C(C(=O)O)N,CC(C)[C@@H](C(=O)O)N,<rdkit.Chem.rdchem.Mol object at 0x000002B6C1D47AE0>,196.2917756185577,284.9106857445867,366.3080227028613,0.535865346792538,0.7777899147344043,1.90191061596777,0.003962417234667222,0.844303458542551,0.12080170164613789,0.6706826114168266,0.8862942709958821
L-tryptophan,repellent,C1=CC=C2C(=C1)C(=CN2)CC(C(=O)O)N,C1=CC=C2C(=C1)C(=CN2)C[C@@H](C(=O)O)N,<rdkit.Chem.rdchem.Mol object at 0x000002B6C1D47B50>,330.1818376566412,1680.1579831910178,1836.3177465423253,0.17980648407845187,0.914960380007574,3.0687962877423143,0.002771080282613996,0.9837020017684956,0.5562383690733214,0.16384559850634822,0.5446211113921972
L-glutamine,repellent,C(CC(=O)N)C(C(=O)O)N,C(CC(=O)N)[C@@H](C(=O)O)N,<rdkit.Chem.rdchem.Mol object at 0x000002B6C1D47BC0>,224.92781610312124,598.6523477320497,702.6712900471231,0.3201038939388529,0.8519664261391731,2.2850966880679175,0.0037877326197333343,0.947382444995253,0.32516675568221065,0.34238309393759925,0.7147253723181672
L-histidine,repellent,C1=C(NC=N1)CC(C(=O)O)N,C1=C(NC=N1)C[C@@H](C(=O)O)N,<rdkit.Chem.rdchem.Mol object at 0x000002B6C1D47C30>,166.08319923221435,905.5522223026842,1000.1768405337459,0.16605383418354677,0.9053921122782995,2.583892937096911,0.005451437089746793,0.9861166889131038,0.5831137327430397,0.27078274106757055,0.6641821927591006
L-phenylalanine,repellent,C1=CC=C(C=C1)CC(C(=O)O)N,C1=CC=C(C=C1)C[C@@H](C(=O)O)N,<rdkit.Chem.rdchem.Mol object at 0x000002B6C1D47CA0>,206.70476471265403,1063.4348876924678,1175.5912365368172,0.17583047430804868,0.9045957937090858,2.7207887979105503,0.004376269676059907,0.9844204611367069,0.563496945134561,0.22797527593097172,0.6473061795905641
L-arginine,none,C(CC(C(=O)O)N)CN=C(N)N,C(C[C@@H](C(=O)O)N)CN=C(N)N,<rdkit.Chem.rdchem.Mol object at 0x000002B6C1D47D10>,230.13467360841446,1561.8177940286027,1581.851280706195,0.1454843931381932,0.9873354171015062,3.1118298966316438,0.00429025058075997,0.9893605466932728,0.6327085778973837,0.30401461346145686,0.8346415615300303
L-lysine,none,C(CCN)CC(C(=O)O)N,C(CCN)C[C@@H](C(=O)O)N,<rdkit.Chem.rdchem.Mol object at 0x000002B6C1D47D80>,158.46435925982294,964.2674796499824,1039.6783275730988,0.15241671876504653,0.9274671348597344,2.7195384683979342,0.005852843751060964,0.9883163177044568,0.6122917431044346,0.2672140906941275,0.6900005871468101
L-tyrosine,none,C1=CC(=CC=C1CC(C(=O)O)N)O,C1=CC(=CC=C1C[C@@H](C(=O)O)N)O,<rdkit.Chem.rdchem.Mol object at 0x000002B6C1D47DF0>,210.90792753518343,1458.4882406137426,1576.147222069662,0.13381232703518467,0.9253502592851577,2.9926808254366155,0.004387460775417234,0.9910066907611819,0.6520456989554381,0.20061835794056432,0.637992913811284
D-glyceraldehyde,none,C(C(C=O)O)O,C([C@H](C=O)O)O,<rdkit.Chem.rdchem.Mol object at 0x000002B6C1D47E60>,94.40454644022262,169.9938132363138,200.74407870366687,0.4702731310923503,0.8468185678704585,1.606825137421155,0.008970103663457223,0.8825209244956161,0.1660900426479613,0.5340138472979404,0.6902885049886859
dihydroxyacetone,none,C(C(=O)CO)O,C(C(=O)CO)O,<rdkit.Chem.rdchem.Mol object at 0x000002B6C1D47ED0>,75.69205546835734,197.34859092809864,266.38467726729715,0.2841456807682899,0.7408406254916609,1.7303792560111892,0.009787561203188164,0.9587811179308471,0.3844252621504259,0.21203875910725437,0.35745356368298914
L-alpha-glycerophosphate,attractant,C(C(COP(=O)(O)O)O)O,C([C@@H](COP(=O)(O)O)O)O,<rdkit.Chem.rdchem.Mol object at 0x000002B6C1D47F40>,182.29968912228367,1076.4659364812208,1119.0999352748452,0.16289848955939024,0.9619033140385682,2.628586574524427,0.005276494538580037,0.986642834109319,0.5938708874942171,0.2936460542623903,0.6883645679715691
D-erythrose,attractant,C(C(C(C=O)O)O)O,C([C@H]([C@H](C=O)O)O)O,<rdkit.Chem.rdchem.Mol object at 0x000002B6C1D94040>,183.70856845690284,335.8549618700543,342.8016069100046,0.5359034635597018,0.9797356695536903,1.8947497650186538,0.0053330972952605185,0.8442792652580752,0.1304533974003792,0.5836478030930817,0.78516035728345
erythritol,none,C(C(C(CO)O)O)O,C([C@H]([C@H](CO)O)O)O,<rdkit.Chem.rdchem.Mol object at 0x000002B6C1D940B0>,171.63445644574708,323.04603259922146,430.5906353937968,0.39860239015365195,0.7502393364959729,1.9463731677619303,0.004371146400507991,0.9171238381831518,0.23723034239765148,0.42746340256961834,0.6638428151558293
D-arabinose,attractant,C(C(C(C(C=O)O)O)O)O,C([C@H]([C@H]([C@@H](C=O)O)O)O)O,<rdkit.Chem.rdchem.Mol object at 0x000002B6C1D94120>,279.57587314852395,495.7435103545426,592.8398799429019,0.47158749370142017,0.836218222030355,2.134615150456418,0.0029910242704888784,0.8818192761469966,0.16485261639308366,0.5055288160125881,0.78359599973022
L-arabinose,attractant,C1C(C(C(C(O1)O)O)O)O,C1[C@@H]([C@@H]([C@H](C(O1)O)O)O)O,<rdkit.Chem.rdchem.Mol object at 0x000002B6C1D94190>,242.99309871852176,447.74630747166015,502.5550415424502,0.48351539360290435,0.8909398383457259,1.9935405310919099,0.003666523218331284,0.875335857913423,0.15773046346907155,0.5654401847463942,0.7531235806915638
D-lyxose,none,C1C(C(C(C(O1)O)O)O)O,C1[C@H]([C@@H]([C@@H](C(O1)O)O)O)O,<rdkit.Chem.rdchem.Mol object at 0x000002B6C1D94200>,283.03593548523844,397.7778682451392,471.9871888442282,0.599668682063847,0.8427725956274194,1.9594240340066718,0.00297761693822576,0.8002483812865907,0.0818319805655019,0.596706745313435,0.7829865005015216
D-ribose,attractant,C1C(C(C(C(O1)O)O)O)O,C1[C@H]([C@H]([C@H](C(O1)O)O)O)O,<rdkit.Chem.rdchem.Mol object at 0x000002B6C1D94270>,261.47876151906354,387.34011326156974,472.58560931457765,0.5532939564078212,0.8196189338548732,1.9325574090472297,0.0031345526079949613,0.8329860729943689,0.10762845590600692,0.6109025658392618,0.7789959743886932
D-xylose,attractant,C1C(C(C(C(O1)O)O)O)O,C1[C@H]([C@@H]([C@H](C(O1)O)O)O)O,<rdkit.Chem.rdchem.Mol object at 0x000002B6C1D942E0>,287.3965960531204,410.0524591933232,443.5646305088194,0.6479249612924358,0.9244480533151305,1.9493808106794244,0.003216628401347739,0.761704171272677,0.06230217430407768,0.5855297876637712,0.7754543644254114
L-xylose,attractant,C(C(C(C(C=O)O)O)O)O,C([C@@H]([C@H]([C@@H](C=O)O)O)O)O,<rdkit.Chem.rdchem.Mol object at 0x000002B6C1D94350>,285.1947407532856,525.4086055447494,607.92093812034,0.4691313012430415,0.8642712770665304,2.173550061728474,0.0030304600806583194,0.883128429048692,0.16763964826513403,0.49727092349084967,0.719862024939726
D-ribulose,attractant,C(C(C(C(=O)CO)O)O)O,C([C@H]([C@H](C(=O)CO)O)O)O,<rdkit.Chem.rdchem.Mol object at 0x000002B6C1D943C0>,237.96420911129965,524.7697511012758,605.5738425324594,0.39295655194774126,0.8665660803754872,2.1347310235280252,0.003641581579060826,0.919557039166871,0.23920055550121924,0.43631833141144744,0.7552800668946048
2-deoxy-D-ribose,attractant,C(C=O)C(C(CO)O)O,C(C=O)[C@@H]([C@@H](CO)O)O,<rdkit.Chem.rdchem.Mol object at 0x000002B6C1D94430>,164.58142169683353,589.05058862101,653.3860273246152,0.25189002337674143,0.9015353313154919,2.290183352675565,0.0054777466497777675,0.9677558659720253,0.42758308482018736,0.3896722236155219,0.631168476758477
D-arabitol,none,C(C(C(C(CO)O)O)O)O,C([C@H](C([C@@H](CO)O)O)O)O,<rdkit.Chem.rdchem.Mol object at 0x000002B6C1D944A0>,218.65004886381035,672.0258729248251,844.5203670090254,0.25890441178841767,0.7957485682730054,2.3879709417544945,0.0036393706400159554,0.9659029483113163,0.41649763228137643,0.324544996717572,0.6438249808655705
L-arabitol,attractant,C(C(C(C(CO)O)O)O)O,C([C@@H](C([C@H](CO)O)O)O)O,<rdkit.Chem.rdchem.Mol object at 0x000002B6C1D94510>,289.96636077872984,512.9902652486873,583.454533733789,0.4969819309194568,0.8792292039721259,2.1345225902567773,0.0030321765656225763,0.8677608889201958,0.14654549917738594,0.5283513050751842,0.7984498642742183
ribitol,none,C(C(C(C(CO)O)O)O)O,C([C@H](C([C@H](CO)O)O)O)O,<rdkit.Chem.rdchem.Mol object at 0x000002B6C1D94580>,225.64308297967023,667.3881281543132,680.6227053822751,0.33152447192154233,0.9805551928795432,2.274098889637375,0.0043456027099571595,0.9434466198556982,0.3249252663675907,0.4760027854074881,0.8097160483875385
D-ribonate,none,C(C(C(C(C(=O)[O-])O)O)O)O,C([C@H]([C@H]([C@H](C(=O)[O-])O)O)O)O,<rdkit.Chem.rdchem.Mol object at 0x000002B6C1D945F0>,281.4266996394335,632.8236585746006,804.6687283652954,0.3497423097467188,0.7864399799159558,2.28145319826277,0.002794475367559475,0.9368459407891088,0.28889244395367697,0.40513564422219417,0.6599112230902667
adenosine,attractant,C1=NC(=C2C(=N1)N(C=N2)C3C(C(C(O3)CO)O)O)N,C1=NC(=C2C(=N1)N(C=N2)[C@H]3[C@@H]([C@@H]([C@H](O3)CO)O)O)N,<rdkit.Chem.rdchem.Mol object at 0x000002B6C1D94660>,539.7477086670146,2593.081464727171,2857.0436485812597,0.18891825784147212,0.9076100275943749,3.347642005263956,0.0016815449385340602,0.9819928166000722,0.5382440990672044,0.17641439254677996,0.6978631390895744
cytidine,none,C1=CN(C(=O)N=C1N)C2C(C(C(O2)CO)O)O,C1=CN(C(=O)N=C1N)[C@H]2[C@@H]([C@@H]([C@H](O2)CO)O)O,<rdkit.Chem.rdchem.Mol object at 0x000002B6C1D946D0>,440.53466455634515,1988.994503592787,2062.0979558235326,0.21363420845854553,0.9645489914655627,3.0387019237169386,0.0021894962396136145,0.9769137244282581,0.49889574051382035,0.27076886287152324,0.8220938377629564
guanosine,attractant,C1=NC2=C(N1C3C(C(C(O3)CO)O)O)N=C(NC2=O)N,C1=NC2=C(N1[C@H]3[C@@H]([C@@H]([C@H](O3)CO)O)O)N=C(NC2=O)N,<rdkit.Chem.rdchem.Mol object at 0x000002B6C1D94740>,826.5821252268297,2283.281058449473,2817.1254616585707,0.29341331668635834,0.8105003094555828,3.234608253227477,0.0009805442008961496,0.9559856827333297,0.36261716282072237,0.23356151428506108,0.7763634358764201
uridine,attractant,C1=CN(C(=O)NC1=O)C2C(C(C(O2)CO)O)O,C1=CN(C(=O)NC1=O)[C@H]2[C@@H]([C@@H]([C@H](O2)CO)O)O,<rdkit.Chem.rdchem.Mol object at 0x000002B6C1D947B0>,577.452829921815,1598.8194526715124,1931.2765813190683,0.29900058619641773,0.8278562833188364,2.9000192052387495,0.001433634472673595,0.9542529274014299,0.3540260506597499,0.2203353607805102,0.662965130822062
adenosine monophosphate,attractant,C1=NC(=C2C(=N1)N(C=N2)C3C(C(C(O3)COP(=O)(O)O)O)O)N,C1=NC(=C2C(=N1)N(C=N2)[C@H]3[C@@H]([C@@H]([C@H](O3)COP(=O)(O)O)O)O)N,<rdkit.Chem.rdchem.Mol object at 0x000002B6C1D94820>,1295.2947782304698,3797.3570211028396,4609.250707685054,0.28102068218394166,0.8238556029880224,3.737735688927974,0.0006360371529587337,0.9597017120881217,0.38037560775940016,0.21047472441274057,0.8610529305610846
adenosine triphosphate,attractant,C1=NC(=C2C(=N1)N(C=N2)C3C(C(C(O3)COP(=O)(O)OP(=O)(O)OP(=O)(O)O)O)O)N,C1=NC(=C2C(=N1)N(C=N2)[C@H]3[C@@H]([C@@H]([C@H](O3)COP(=O)(O)OP(=O)(O)OP(=O)(O)O)O)O)N,<rdkit.Chem.rdchem.Mol object at 0x000002B6C1D94890>,1997.5368497193267,12048.754293483413,12906.813167289178,0.15476607771636863,0.9335189203807168,5.1547485154510255,0.00046733501838120545,0.9879511431180648,0.6078037578145857,0.17457278270916257,1.0038806266956402
D-galactose,attractant,C(C1C(C(C(C(O1)O)O)O)O)O,C([C@@H]1[C@@H]([C@@H]([C@H](C(O1)O)O)O)O)O,<rdkit.Chem.rdchem.Mol object at 0x000002B6C1D94900>,410.65614896202817,660.500818028943,766.9084995120226,0.5354695497876543,0.8612511381073675,2.258609365558535,0.0020972561601336308,0.8445545342073576,0.1187873918969278,0.5178048616211346,0.8449471400118241
L-galactose,attractant,C(C(C(C(C(C=O)O)O)O)O)O,C([C@@H]([C@H]([C@H]([C@@H](C=O)O)O)O)O)O,<rdkit.Chem.rdchem.Mol object at 0x000002B6C1D94970>,348.2390382782315,843.3599917828603,892.8411869994077,0.3900346930102615,0.9445800709722633,2.4052230587805052,0.0027124473914310982,0.920800161950676,0.2504940378730517,0.47160108264539874,0.7634134323612165
D-glucose,attractant,C(C1C(C(C(C(O1)O)O)O)O)O,C([C@@H]1[C@H]([C@@H]([C@H](C(O1)O)O)O)O)O,<rdkit.Chem.rdchem.Mol object at 0x000002B6C1D949E0>,398.41952478399526,656.8559426578712,881.8562729896756,0.4517964400630394,0.7448560074659256,2.3186767937916373,0.0018695268708775062,0.8921210549843359,0.187143264338728,0.42804176817506123,0.8052691100047263
L-glucose,attractant,C(C1C(C(C(C(O1)O)O)O)O)O,C([C@H]1[C@@H]([C@H]([C@@H](C(O1)O)O)O)O)O,<rdkit.Chem.rdchem.Mol object at 0x000002B6C1D94A50>,396.64122175187566,612.3525736057167,688.6667734002956,0.5759552182159997,0.8891855934652151,2.170631332226224,0.002241788156908858,0.8174812454177528,0.09551125070411093,0.5120786269510418,0.8211657895917747
D-mannose,attractant,C(C1C(C(C(C(O1)O)O)O)O)O,C([C@@H]1[C@H]([C@@H]([C@@H](C(O1)O)O)O)O)O,<rdkit.Chem.rdchem.Mol object at 0x000002B6C1D94AC0>,346.38436435249747,677.7062232295817,899.1436405097339,0.38523807403690086,0.7537240911200607,2.3103444117982472,0.002175976079431329,0.9228172225919601,0.25108022502384275,0.4107199166385223,0.7907464529115346
L-mannose,attractant,C(C(C(C(C(C=O)O)O)O)O)O,C([C@@H]([C@@H]([C@H]([C@H](C=O)O)O)O)O)O,<rdkit.Chem.rdchem.Mol object at 0x000002B6C1D94B30>,339.44262815747965,867.1688258217612,938.4867211239991,0.36169145552846904,0.924007560579203,2.439968522013514,0.0027221317652257942,0.9322978553003849,0.27923178147160943,0.49574809348767546,0.8213751997681277
D-fructose,attractant,C1C(C(C(C(O1)(CO)O)O)O)O,C1[C@H]([C@H]([C@@H](C(O1)(CO)O)O)O)O,<rdkit.Chem.rdchem.Mol object at 0x000002B6C1D94BA0>,307.48394092372183,680.1981805837671,693.0804466338752,0.443648269716881,0.9814130291618034,2.159801411006761,0.0031917537748914976,0.8962009890516845,0.203731193468312,0.5743516253116658,0.8231049244873819
L-sorbose,attractant,C1C(C(C(C(O1)(CO)O)O)O)O,C1[C@@H]([C@H]([C@@H](C(O1)(CO)O)O)O)O,<rdkit.Chem.rdchem.Mol object at 0x000002B6C1D94C10>,324.88067628045343,631.0861750744474,683.2251320834961,0.4755104299072391,0.9236870036527333,2.132924818005695,0.0028431577224844237,0.8797100835215161,0.16739499977531755,0.6025072295870781,0.8717932334510746
2-deoxy-D-galactose,attractant,C(C=O)C(C(C(CO)O)O)O,C(C=O)[C@H]([C@H]([C@@H](CO)O)O)O,<rdkit.Chem.rdchem.Mol object at 0x000002B6C1D94C80>,349.8532365510432,723.3533797593554,848.7797816488398,0.4121837538017437,0.8522273920735588,2.419526893444614,0.0024359568614401536,0.9111007370768084,0.21881882342568534,0.5067875362484647,0.8017156979290714
D-fucose,attractant,CC(C(C(C(C=O)O)O)O)O,C[C@H]([C@@H]([C@@H]([C@H](C=O)O)O)O)O,<rdkit.Chem.rdchem.Mol object at 0x000002B6C1D94CF0>,306.88828219760785,613.4096758305463,761.5353766010812,0.40298624545497197,0.8054907160956118,2.263324251364932,0.0026247033947583236,0.9152060347124603,0.22810206224907878,0.4213341893616922,0.7686970421226048
L-fucose,none,CC1C(C(C(C(O1)O)O)O)O,C[C@H]1[C@H]([C@H]([C@@H](C(O1)O)O)O)O,<rdkit.Chem.rdchem.Mol object at 0x000002B6C1D94D60>,351.3350346794446,457.76587910810173,564.4302587879462,0.6224596027751934,0.8110229244107238,2.045382608753255,0.002308403217318463,0.7826519296040536,0.07220908151133087,0.5749911151080799,0.8374226278103428
2-deoxy-D-glucose,attractant,C(C=O)C(C(C(CO)O)O)O,C(C=O)[C@H]([C@@H]([C@@H](CO)O)O)O,<rdkit.Chem.rdchem.Mol object at 0x000002B6C1D94DD0>,245.10835944479598,881.9672678108333,1014.4182158360761,0.2416245643250594,0.8694316151291923,2.5539577817894568,0.003547131632305704,0.9703698109044433,0.4426389401548299,0.3075912819640115,0.6543160865796215
6-deoxy-D-glucose,attractant,CC1C(C(C(C(O1)O)O)O)O,C[C@@H]1[C@H]([C@@H]([C@H](C(O1)O)O)O)O,<rdkit.Chem.rdchem.Mol object at 0x000002B6C1D94E40>,381.56790320210155,449.9727202409394,552.7445220927236,0.6903151238070397,0.8140699767359356,2.0533740920878385,0.002133486516827792,0.723508831904125,0.04648955497882199,0.537443115650719,0.809137012327345
L-rhamnose,attractant,CC1C(C(C(C(O1)O)O)O)O,C[C@H]1[C@@H]([C@H]([C@H](C(O1)O)O)O)O,<rdkit.Chem.rdchem.Mol object at 0x000002B6C1D94EB0>,392.4053409430893,415.6943523203547,594.6767912453621,0.6598632176670636,0.6990256866251912,2.067043124221007,0.0017813867796630503,0.7513857424586052,0.0746940831101991,0.5277614244399516,0.7739835432587708
N-acetyl-D-glucosamine,attractant,CC(=O)NC1C(C(C(OC1O)CO)O)O,CC(=O)N[C@@H]1[C@H]([C@@H]([C@H](OC1O)CO)O)O,<rdkit.Chem.rdchem.Mol object at 0x000002B6C1D94F20>,479.52425622501426,1324.3112449529758,1517.2639221238846,0.31604538223895173,0.8728285340754618,2.7398358533631804,0.001820196836228221,0.9487440731648524,0.3314322560964052,0.36442802770615007,0.8976606455167296
N-acetyl-D-mannosamine,attractant,CC(=O)NC1C(C(C(OC1O)CO)O)O,CC(=O)N[C@H]1[C@H]([C@@H]([C@H](OC1O)CO)O)O,<rdkit.Chem.rdchem.Mol object at 0x000002B6C1D94F90>,448.97252358257884,1413.7487731595374,1488.267888829055,0.3016745351778188,0.9499289635764782,2.752137443574145,0.002115784182061999,0.9534109684838153,0.35915185451004716,0.3497990508743506,0.8931754728999457
D-glucosamine,attractant,C(C1C(C(C(C(O1)O)N)O)O)O,C([C@@H]1[C@H]([C@@H]([C@H](C(O1)O)N)O)O)O,<rdkit.Chem.rdchem.Mol object at 0x000002B6C1D95000>,387.0465713178797,687.3394432443262,838.5592243946251,0.46156140205517077,0.8196671424615621,2.3104746097550533,0.0021177481037246365,0.8871082640427069,0.17320348445336314,0.37734211331713774,0.6963678191483674
D-galactosamine,attractant,C(C1C(C(C(C(O1)O)N)O)O)O,C([C@@H]1[C@@H]([C@@H]([C@H](C(O1)O)N)O)O)O,<rdkit.Chem.rdchem.Mol object at 0x000002B6C1D95070>,331.6184441900573,678.4515710489934,826.2375738522833,0.40135967509188203,0.8211337665094962,2.263719677283001,0.002476140217456927,0.9159205266889364,0.22940632973013417,0.3657531029239972,0.6730211645685847
D-mannosamine,attractant,C(C1C(C(C(C(O1)O)N)O)O)O,C([C@@H]1[C@H]([C@@H]([C@@H](C(O1)O)N)O)O)O,<rdkit.Chem.rdchem.Mol object at 0x000002B6C1D950E0>,329.13836855664385,700.000409339219,871.4470587668377,0.37769175447375897,0.8032621170697065,2.3029986091555035,0.002440499783091886,0.9259313897922101,0.2552615786946134,0.35077982252023865,0.7021551170289588
galactitol,attractant,C(C(C(C(C(CO)O)O)O)O)O,C([C@H]([C@@H]([C@@H]([C@H](CO)O)O)O)O)O,<rdkit.Chem.rdchem.Mol object at 0x000002B6C1D95150>,301.6354520533449,1003.5813877261204,1181.982858805154,0.2551944385710153,0.8490659405506299,2.6127599915336166,0.0028148744942635947,0.9668897551026302,0.42015280767138735,0.3188312938476088,0.727974898281211
D-sorbitol,attractant,C(C(C(C(C(CO)O)O)O)O)O,C([C@H]([C@H]([C@@H]([C@H](CO)O)O)O)O)O,<rdkit.Chem.rdchem.Mol object at 0x000002B6C1D951C0>,267.2027288778978,1020.3001980757037,1077.7602678217963,0.24792408558345444,0.9466856670619135,2.547909076811961,0.003542949097254599,0.9687794629262162,0.4388122506445128,0.33241624681524806,0.7863978529106626
D-mannitol,attractant,C(C(C(C(C(CO)O)O)O)O)O,C([C@H]([C@H]([C@@H]([C@@H](CO)O)O)O)O)O,<rdkit.Chem.rdchem.Mol object at 0x000002B6C1D95230>,312.21024727930546,963.413139030233,1061.4602048265112,0.2941327860052315,0.9076300125520924,2.532685780737218,0.002907111539295891,0.9557645652548544,0.36435784395924364,0.373827264710131,0.7960816515659259
myo-inositol,attractant,C1(C(C(C(C(C1O)O)O)O)O)O,C1(C(C(C(C(C1O)O)O)O)O)O,<rdkit.Chem.rdchem.Mol object at 0x000002B6C1D952A0>,486.8172862390345,508.2469012496185,684.7084139185217,0.7109848168113271,0.7422822487910866,2.1591652573578934,0.0015247655943478866,0.7032073593640524,0.050154444057834945,0.6183269450759284,0.8753304914666984
D-gluconate,none,C(C(C(C(C(C(=O)[O-])O)O)O)O)O,C([C@H]([C@H]([C@@H]([C@H](C(=O)[O-])O)O)O)O)O,<rdkit.Chem.rdchem.Mol object at 0x000002B6C1D95310>,383.8910540910983,924.5824407353311,996.8239292707542,0.3851142040419728,0.9275283363349105,2.4303428551931168,0.002416123862357068,0.9228689234366481,0.25336941043899286,0.5177147024762332,0.8468948711120619
D-glucuronate,none,C1(C(C(OC(C1O)O)C(=O)O)O)O,[C@@H]1([C@@H]([C@H](OC([C@@H]1O)O)C(=O)O)O)O,<rdkit.Chem.rdchem.Mol object at 0x000002B6C1D95380>,436.2138416134699,731.1437777162986,1108.6369445798932,0.3934686136395795,0.6594979368952548,2.4211083094678547,0.0015118684323631288,0.9193380499471059,0.2631728511751265,0.27603045233400586,0.5801274614383203
D-galactonate,none,C(C(C(C(C(C(=O)[O-])O)O)O)O)O,C([C@H]([C@@H]([C@@H]([C@H](C(=O)[O-])O)O)O)O)O,<rdkit.Chem.rdchem.Mol object at 0x000002B6C1D953F0>,363.77606318895533,1032.7919657440518,1106.3694812228441,0.32880160684374826,0.9334964343037836,2.532381114048773,0.0025661293547478404,0.9443990170139788,0.3206670792465319,0.4235346237669491,0.830952077802495
D-galacturonate,attractant,C1(C(C(OC(C1O)O)C(=O)O)O)O,[C@@H]1([C@H]([C@H](OC([C@@H]1O)O)C(=O)O)O)O,<rdkit.Chem.rdchem.Mol object at 0x000002B6C1D95460>,408.2376952806209,778.1040673997107,1057.9822559413979,0.38586440650402876,0.7354604134710652,2.4042043947124654,0.0018015494942609665,0.9225555049932193,0.25304830453337307,0.3169890843811528,0.6641925459992511
D-fructose-1-phosphate,none,C(C1C(C(C(O1)(COP(=O)(O)O)O)O)O)O,C([C@@H]1[C@H]([C@@H](C(O1)(COP(=O)(O)O)O)O)O)O,<rdkit.Chem.rdchem.Mol object at 0x000002B6C1D954D0>,542.1888510228723,2124.655318623986,2157.1656338433213,0.2513431711114736,0.9849291520737733,3.0450168399970425,0.0018165795003265825,0.9678980371586816,0.4394647020842439,0.3215669080720009,0.8605720246714568
D-fructose-6-phosphate,none,C(C(C(C(C(=O)CO)O)O)O)OP(=O)(O)O,C([C@H]([C@H]([C@@H](C(=O)CO)O)O)O)OP(=O)(O)O,<rdkit.Chem.rdchem.Mol object at 0x000002B6C1D95540>,527.3390534407364,2464.725635504758,2718.37277514355,0.1939907058600118,0.9066915538743955,3.3129913185676156,0.0017193711483314057,0.9810033669870528,0.5285906975883393,0.2084414379796732,0.7244840442864017
alpha-D-galactose-1-phosphate,attractant,C(C1C(C(C(C(O1)OP(=O)(O)O)O)O)O)O,C([C@@H]1[C@@H]([C@@H]([C@H]([C@H](O1)OP(=O)(O)O)O)O)O)O,<rdkit.Chem.rdchem.Mol object at 0x000002B6C1D955B0>,634.0434516081268,1689.497453189271,2081.362873431834,0.30462898118418474,0.8117265253240346,2.9097375653538955,0.001280238007766265,0.9524710934315465,0.34656954524769223,0.2608311120180959,0.7021167615413021
D-galactose-6-phosphate,attractant,C(C(C(C(C(C=O)O)O)O)O)OP(=O)(O)O,C([C@H]([C@@H]([C@@H]([C@H](C=O)O)O)O)O)OP(=O)(O)O,<rdkit.Chem.rdchem.Mol object at 0x000002B6C1D95620>,527.7021626413688,2384.216039822889,2445.2235397933136,0.215809374502412,0.9750503383524676,3.2088703958321405,0.0018477285244993787,0.9764355144487923,0.49669061346112364,0.27506783200992185,0.7796297202214387
alpha-D-glucose-1-phosphate,attractant,C(C1C(C(C(C(O1)OP(=O)(O)O)O)O)O)O,C([C@@H]1[C@H]([C@@H]([C@H]([C@H](O1)OP(=O)(O)O)O)O)O)O,<rdkit.Chem.rdchem.Mol object at 0x000002B6C1D95690>,708.8606142294647,1591.3547558732396,2055.732402011117,0.3448214434602424,0.7741059849601154,2.893523006966136,0.0010920425954284016,0.9386682971795707,0.29603294290515164,0.2268771461442299,0.7026259470846988
D-glucose-6-phosphate,attractant,C(C(C(C(C(C=O)O)O)O)O)OP(=O)(O)O,C([C@H]([C@H]([C@@H]([C@H](C=O)O)O)O)O)OP(=O)(O)O,<rdkit.Chem.rdchem.Mol object at 0x000002B6C1D95700>,488.468047307264,2601.007546286559,2737.1830258381638,0.1784564797809559,0.9502497720224953,3.346535179810941,0.001945367311661133,0.9839478059451067,0.5618910050320954,0.2933289308674425,0.8373275311660996
2-deoxy-D-glucose-6-phosphate,none,C(C=O)C(C(C(COP(=O)(O)O)O)O)O,C(C=O)[C@H]([C@@H]([C@@H](COP(=O)(O)O)O)O)O,<rdkit.Chem.rdchem.Mol object at 0x000002B6C1D95770>,388.88473413081346,2402.5131722520578,2550.0287478754553,0.15250209804685966,0.9421514068238253,3.307483790563965,0.0024227009294401957,0.9883031468589515,0.6131613494517743,0.23054221646558243,0.7216091762462202
D-mannose-6-phosphate,none,C(C1C(C(C(C(O1)O)O)O)O)OP(=O)(O)O,C([C@@H]1[C@H]([C@@H]([C@@H](C(O1)O)O)O)O)OP(=O)(O)O,<rdkit.Chem.rdchem.Mol object at 0x000002B6C1D957E0>,476.8228370925806,2210.1839645377195,2489.1607784145444,0.19155967795551154,0.8879233449698989,3.154203955817179,0.001862166146202218,0.981480967610468,0.5323741147129765,0.2199985977718479,0.6906323711699227
3-O-methyl-D-glucose,none,COC(C(C=O)O)C(C(CO)O)O,CO[C@H]([C@H](C=O)O)[C@@H]([C@@H](CO)O)O,<rdkit.Chem.rdchem.Mol object at 0x000002B6C1D95850>,467.30595197630737,944.3077492290695,1004.3858070443748,0.46526538776116066,0.9401842823803951,2.494180156898655,0.0020119244756122063,0.8851712370787117,0.17803326534776145,0.5025044165769094,0.9265787813451093
methyl-Beta-D-galactoside,attractant,COC1C(C(C(C(O1)CO)O)O)O,CO[C@H]1[C@@H]([C@H]([C@H]([C@H](O1)CO)O)O)O,<rdkit.Chem.rdchem.Mol object at 0x000002B6C1D958C0>,512.9909115433314,745.5709086218155,866.8869105435447,0.5917622071622725,0.8600555615199414,2.3394012399101047,0.0016765512646851133,0.8061125790945305,0.08591124193024759,0.48528499041205825,0.8692743738107862
methyl-alpha-D-mannoside,none,COC1C(C(C(C(O1)CO)O)O)O,CO[C@@H]1[C@H]([C@H]([C@@H]([C@H](O1)CO)O)O)O,<rdkit.Chem.rdchem.Mol object at 0x000002B6C1D95930>,480.4039192823455,767.0803217592722,1089.8344574089538,0.4408044873388297,0.7038503109756512,2.4532305578502007,0.001465121916630286,0.8976031439015526,0.20419300008935762,0.32526965007316944,0.7487115085142446
glucoheptose,none,C(C(C(C(C(C(C=O)O)O)O)O)O)O,C([C@H]([C@H]([C@@H]([C@H]([C@H](C=O)O)O)O)O)O)O,<rdkit.Chem.rdchem.Mol object at 0x000002B6C1D959A0>,392.98303238408863,1320.465235172902,1432.059521929963,0.27441808553772395,0.9220742678302456,2.735474209484083,0.0023463462588609696,0.9616104795237053,0.3946458881470881,0.40444271522776387,0.8862692631518119
sedoheptulosan,none,C1C2C(C(C(C(O1)(O2)CO)O)O)O,C1[C@@H]2[C@H]([C@H]([C@@H]([C@](O1)(O2)CO)O)O)O,<rdkit.Chem.rdchem.Mol object at 0x000002B6C1D95A10>,393.678660303612,627.9522877327811,845.5213495284182,0.46560463614926184,0.742680581729859,2.204121184588579,0.0018865147050568872,0.8849928377090481,0.17576568981868043,0.3907601196758883,0.7925724678305806
cellobiose,attractant,C(C1C(C(C(C(O1)OC2C(OC(C(C2O)O)O)CO)O)O)O)O,C([C@@H]1[C@H]([C@@H]([C@H]([C@@H](O1)O[C@@H]2[C@H](OC([C@@H]([C@H]2O)O)O)CO)O)O)O)O,<rdkit.Chem.rdchem.Mol object at 0x000002B6C1D95A80>,1089.9239378529599,3020.6416981194884,3550.583232850167,0.306970395108311,0.8507452156514361,3.345264073733262,0.0007805546663442574,0.9517190638665632,0.3429137591698307,0.28001400975147017,0.8908017208019383
lactose,attractant,C(C1C(C(C(C(O1)OC2C(OC(C(C2O)O)O)CO)O)O)O)O,C([C@@H]1[C@@H]([C@@H]([C@H]([C@@H](O1)O[C@@H]2[C@H](OC([C@@H]([C@H]2O)O)O)CO)O)O)O)O,<rdkit.Chem.rdchem.Mol object at 0x000002B6C1D95AF0>,1147.7886063620565,3346.17897384332,3863.342918811427,0.2970972627806952,0.8661356354234238,3.493950312939833,0.0007546125049704592,0.9548472215219661,0.3572103513200174,0.284381779118679,0.9636060977785258
maltose,attractant,C(C1C(C(C(C(O1)OC2C(OC(C(C2O)O)O)CO)O)O)O)O,C([C@@H]1[C@H]([C@@H]([C@H]([C@H](O1)O[C@@H]2[C@H](OC([C@@H]([C@H]2O)O)O)CO)O)O)O)O,<rdkit.Chem.rdchem.Mol object at 0x000002B6C1D95B60>,983.273800594573,3422.3839968983657,3959.6897739845176,0.24832091823323169,0.8643060927105213,3.4956299432353153,0.0008790085652520046,0.9686778213460886,0.4314722835940923,0.22814693157004587,0.8158023577050914
melibiose,attractant,C(C1C(C(C(C(O1)OCC2C(C(C(C(O2)O)O)O)O)O)O)O)O,C([C@@H]1[C@@H]([C@@H]([C@H]([C@H](O1)OC[C@@H]2[C@H]([C@@H]([C@H](C(O2)O)O)O)O)O)O)O)O,<rdkit.Chem.rdchem.Mol object at 0x000002B6C1D95BD0>,895.9710771632551,3953.4575142211984,4255.454610302748,0.21054650071793685,0.9290329415450952,3.6468730477316256,0.0010369005933612474,0.9775838434811777,0.5000200398122969,0.25178078189532777,0.9620574892906493
sucrose,none,C(C1C(C(C(C(O1)OC2(C(C(C(O2)CO)O)O)CO)O)O)O)O,C([C@@H]1[C@H]([C@@H]([C@H]([C@H](O1)O[C@]2([C@H]([C@@H]([C@H](O2)CO)O)O)CO)O)O)O)O,<rdkit.Chem.rdchem.Mol object at 0x000002B6C1D95C40>,1046.6094688085752,3070.388994313463,3476.1338273944903,0.30108434277199664,0.883276981489188,3.3303811435659547,0.0008439413246420181,0.9535975139111652,0.3525378567246936,0.27406201674730185,0.9237951872251001
trehalose,attractant,C(C1C(C(C(C(O1)OC2C(C(C(C(O2)CO)O)O)O)O)O)O)O,C([C@@H]1[C@H]([C@@H]([C@H]([C@H](O1)O[C@@H]2[C@@H]([C@H]([C@@H]([C@H](O2)CO)O)O)O)O)O)O)O,<rdkit.Chem.rdchem.Mol object at 0x000002B6C1D95CB0>,1141.5898031196987,3382.082051382981,4065.678113041576,0.2807870597177364,0.8318617355698161,3.542122729621947,0.0007286870759501636,0.9597700907483356,0.38053632725448233,0.22394165721989548,0.8344714823831592
cyclohexaamylose,attractant,C(C1C2C(C(C(O1)OC3C(OC(C(C3O)O)OC4C(OC(C(C4O)O)OC5C(OC(C(C5O)O)OC6C(OC(C(C6O)O)OC7C(OC(O2)C(C7O)O)CO)CO)CO)CO)CO)O)O)O,C([C@@H]1[C@@H]2[C@@H]([C@H]([C@H](O1)O[C@@H]3[C@H](O[C@@H]([C@@H]([C@H]3O)O)O[C@@H]4[C@H](O[C@@H]([C@@H]([C@H]4O)O)O[C@@H]5[C@H](O[C@@H]([C@@H]([C@H]5O)O)O[C@@H]6[C@H](O[C@@H]([C@@H]([C@H]6O)O)O[C@@H]7[C@H](O[C@H](O2)[C@@H]([C@H]7O)O)CO)CO)CO)CO)CO)O)O)O,<rdkit.Chem.rdchem.Mol object at 0x000002B6C1D95D20>,13987.585454893911,16019.660169596813,25668.291867895365,0.5449363567658702,0.6241030860971865,5.349277925879691,4.461835733620689e-05,0.8384774099966799,0.15076258219005959,0.25707060488974376,1.3832047088659625
cycloheptaamylose,attractant,C(C1C2C(C(C(O1)OC3C(OC(C(C3O)O)OC4C(OC(C(C4O)O)OC5C(OC(C(C5O)O)OC6C(OC(C(C6O)O)OC7C(OC(C(C7O)O)OC8C(OC(O2)C(C8O)O)CO)CO)CO)CO)CO)CO)O)O)O,C([C@@H]1[C@@H]2[C@@H]([C@H]([C@H](O1)O[C@@H]3[C@H](O[C@@H]([C@@H]([C@H]3O)O)O[C@@H]4[C@H](O[C@@H]([C@@H]([C@H]4O)O)O[C@@H]5[C@H](O[C@@H]([C@@H]([C@H]5O)O)O[C@@H]6[C@H](O[C@@H]([C@@H]([C@H]6O)O)O[C@@H]7[C@H](O[C@@H]([C@@H]([C@H]7O)O)O[C@@H]8[C@H](O[C@H](O2)[C@@H]([C@H]8O)O)CO)CO)CO)CO)CO)CO)O)O)O,<rdkit.Chem.rdchem.Mol object at 0x000002B6C1D95D90>,18691.14607800412,22898.985040676336,37224.71232566217,0.5021166023926186,0.6151554601777302,5.892418266784176,3.2911596624973666e-05,0.8647999292331684,0.182371394392194,0.19339155673343794,1.2872561755744505
acetate,repellent,CC(=O)[O-],CC(=O)[O-],<rdkit.Chem.rdchem.Mol object at 0x000002B6C1D95E00>,44.31782469836848,52.920422208270125,94.03223245603141,0.4713046105662873,0.5627902350719496,1.2726854807026726,0.01269895891556853,0.8819705006738946,0.23155817209877133,0.3228342110300675,0.2798173169430352
n-butyrate,repellent,CCCC(=O)[O-],CCCC(=O)[O-],<rdkit.Chem.rdchem.Mol object at 0x000002B6C1D95E70>,60.677472217510726,255.23811729131805,305.6543011148827,0.19851666407502833,0.8350548850787632,1.8889736300195838,0.013762189731393874,0.9800975125386872,0.5197852169490943,0.30071748152731553,0.42906153180014833
n-valerate,repellent,CCCCC(=O)O,CCCCC(=O)O,<rdkit.Chem.rdchem.Mol object at 0x000002B6C1D95EE0>,87.3185701377265,367.86573231633713,420.5099366902918,0.2076492432616097,0.8748086554427191,2.0705141559347653,0.010018586585452492,0.9782033488865599,0.5020460817861707,0.3077480949442877,0.5989229856368762
n-caproate,repellent,CCCCCC(=O)[O-],CCCCCC(=O)[O-],<rdkit.Chem.rdchem.Mol object at 0x000002B6C1D95F50>,92.52415275321057,637.8926205392321,685.0964163797031,0.13505274665154668,0.9310990472116131,2.47916949639699,0.010063308006668607,0.9908384104493897,0.6496023659897652,0.28209714263371294,0.5842372391002959
n-heptanoate,repellent,CCCCCCC(=O)[O-],CCCCCCC(=O)[O-],<rdkit.Chem.rdchem.Mol object at 0x000002B6C1D95FC0>,139.10419228818296,899.6819861265285,957.621670896783,0.1452600713995081,0.9394962681702934,2.7798008116817603,0.00675390333473152,0.9893935069814284,0.6281576356877303,0.2365421206191394,0.5785705778403673
n-caprylate,repellent,CCCCCCCC(=O)[O-],CCCCCCCC(=O)[O-],<rdkit.Chem.rdchem.Mol object at 0x000002B6C1D96030>,205.83983395143738,1025.7684021594757,1091.606274873341,0.18856600469369872,0.9396871617273321,2.848059452593039,0.004565137581431528,0.9820605184375635,0.5414532163748588,0.2772880124393418,0.7906593126231866
n-caprate,repellent,CCCCCCCCCC(=O)O,CCCCCCCCCC(=O)O,<rdkit.Chem.rdchem.Mol object at 0x000002B6C1D960A0>,264.3017200335823,1680.7362965518664,1768.3458592032828,0.14946268494821582,0.9504567716798973,3.2829753357137705,0.003596105131510805,0.9887673668806382,0.6202107409752488,0.2172834231584409,0.7805882551089776
iso-butyrate,repellent,CC(C)C(=O)O,CC(C)C(=O)O,<rdkit.Chem.rdchem.Mol object at 0x000002B6C1D96110>,103.08132958474637,191.98601567706766,197.5035524655809,0.5219213948200271,0.972063607364861,1.6719243939473798,0.009430064700181203,0.8529935859249573,0.13889720305507264,0.5285315954730521,0.6580291257614438
iso-valerate,repellent,CC(C)CC(=O)O,CC(C)CC(=O)O,<rdkit.Chem.rdchem.Mol object at 0x000002B6C1D96180>,103.76043742392338,307.42271330775344,375.0118916768798,0.27668572577780043,0.8197679063805181,1.9618559149047683,0.007900582599042798,0.9609604618041326,0.3870683036526757,0.3446495441853653,0.5901169380616293
crotonate,repellent,CC=CC(=O)[O-],C/C=C/C(=O)[O-],<rdkit.Chem.rdchem.Mol object at 0x000002B6C1D961F0>,51.88978657064461,250.9449150609585,299.60198623451754,0.17319573619257375,0.8375942970702736,1.8815764256905048,0.016141794993316128,0.9848874234980932,0.5695412293525551,0.10382377325955823,0.18499920062579375
sorbate,repellent,CC=CC=CC(=O)[O-],CC=CC=CC(=O)[O-],<rdkit.Chem.rdchem.Mol object at 0x000002B6C1D96260>,59.49351101546276,694.7633605867411,751.004789516899,0.07921855072819618,0.9251117573213661,2.6025248556327054,0.015549792599749633,0.9968572722413798,0.7811049348649908,0.04395479271896584,0.13186395269495554
2-mercaptoacetate,repellent,C(C(=O)[O-])S,C(C(=O)[O-])S,<rdkit.Chem.rdchem.Mol object at 0x000002B6C1D962D0>,62.163559833007625,208.7975085534912,235.79642999796042,0.2636323197664414,0.8854990236930104,1.66762995387851,0.014244664013318423,0.9646232425017369,0.40792979210902974,0.3874084212233247,0.4856525490953645
benzoate,repellent,C1=CC=C(C=C1)C(=O)[O-],C1=CC=C(C=C1)C(=O)[O-],<rdkit.Chem.rdchem.Mol object at 0x000002B6C1D96340>,129.46129676161797,401.25875515873,530.7200518670289,0.24393519013684128,0.7560648099636242,2.0933111251640675,0.005840083707455791,0.9697915358534033,0.44670756053283234,4.062283811011664e-10,1.83719606209063e-05
phenylacetate,repellent,C1=CC=C(C=C1)CC(=O)[O-],C1=CC=C(C=C1)CC(=O)[O-],<rdkit.Chem.rdchem.Mol object at 0x000002B6C1D963B0>,154.5283142469763,620.0658130591087,660.623789738467,0.2339127301306424,0.9386065453449461,2.304351653547793,0.006074010125062321,0.9722575968758637,0.46071571663397404,0.2338265761955382,0.48497863188296375
thioacetate,repellent,CC(=O)[S-],CC(=O)[S-],<rdkit.Chem.rdchem.Mol object at 0x000002B6C1D96420>,48.754129811649776,105.00551299437173,150.5586118565275,0.3238215948624,0.6974394337165855,1.423293091625248,0.014305238067236154,0.9461181610669841,0.33697274299807595,0.29393715911979806,0.26541031716590285
acetamide,repellent,CC(=O)N,CC(=O)N,<rdkit.Chem.rdchem.Mol object at 0x000002B6C1D96490>,49.97853778909594,57.09261731131347,100.45964137252352,0.49749866818423116,0.568313966994996,1.3254097025464595,0.01137116034473077,0.8674647400067141,0.2080218926662965,0.38512858090798924,0.4397764673160225
palmitate,repellent,CCCCCCCCCCCCCCCC(=O)O,CCCCCCCCCCCCCCCC(=O)O,<rdkit.Chem.rdchem.Mol object at 0x000002B6C1D96500>,1192.2671781479492,3258.6107617293433,4070.9578707153582,0.2928714115969078,0.800453078910574,4.076309651575397,0.0006713705565173625,0.9561518374553462,0.3639833922419655,0.2133388149166555,0.9600686755177421
stearate,repellent,CCCCCCCCCCCCCCCCCC(=O)[O-],CCCCCCCCCCCCCCCCCC(=O)[O-],<rdkit.Chem.rdchem.Mol object at 0x000002B6C1D96570>,866.0325988074223,7587.8889262024095,7929.659899914812,0.10921434333100795,0.9568996680783152,5.37565360649406,0.0011049233820944178,0.9940182227760096,0.7092941907360947,0.14787589536643492,0.9787356898772464
2-hydroxy-iso-butyrate,none,CC(C)(C(=O)O)O,CC(C)(C(=O)O)O,<rdkit.Chem.rdchem.Mol object at 0x000002B6C1D965E0>,145.1979172723112,216.09573023281715,253.0734940189768,0.5737381460478966,0.8538852757792689,1.7177628180579454,0.00588083694188155,0.8190387901494791,0.09554186782274832,0.6476271644783902,0.7735076087743308
L-2-amino-n-butyrate,none,CCC(C(=O)O)N,CC[C@@H](C(=O)O)N,<rdkit.Chem.rdchem.Mol object at 0x000002B6C1D96650>,146.6154637055545,211.33795701293496,329.14412194416644,0.4454445755845072,0.6420833395553841,1.8252427913254445,0.004379369838128874,0.8953095163586379,0.21768131576326472,0.3102118870657158,0.5241432809464627
4-amino-n-butyrate,none,C(CC(=O)O)CN,C(CC(=O)O)CN,<rdkit.Chem.rdchem.Mol object at 0x000002B6C1D966C0>,108.96092310727605,292.1388106369783,347.64756101485955,0.31342352234313164,0.8403303903072439,1.9053689224637613,0.0077122179800175475,0.949613445377657,0.3339383241272606,0.5146289596208642,0.7258974344169765
6-amino-n-caproate,none,C(CCC(=O)O)CCN,C(CCC(=O)O)CCN,<rdkit.Chem.rdchem.Mol object at 0x000002B6C1D96730>,94.22630585789143,880.9556905797101,929.4881521068032,0.10137440229261181,0.9477858201666282,2.6944451880719926,0.010058611674706244,0.9948483455079048,0.72714723772542,0.21393698372669603,0.5591359946277945
DL-2-amino-n-caprylate,repellent,CCCCCCC(C(=O)O)N,CCCCCCC(C(=O)O)N,<rdkit.Chem.rdchem.Mol object at 0x000002B6C1D967A0>,234.61211395010923,1134.730455230732,1264.3174459481386,0.18556424630696178,0.8975043877368738,2.8757675143741706,0.0038254818671798426,0.9826321338591208,0.5441908797533804,0.22808077068451016,0.7038492491403684
p-hydroxy benzoate,repellent,C1=CC(=CC=C1C(=O)O)O,C1=CC(=CC=C1C(=O)O)O,<rdkit.Chem.rdchem.Mol object at 0x000002B6C1D96810>,133.90306269091747,638.941497530757,772.6082290874698,0.17331301641592767,0.826992870999333,2.365273926476815,0.006176056427538511,0.984866792180959,0.5701456801751328,0.0021666928739316176,0.049913330226202014
p-phenylbenzoate,repellent,C1=CC=C(C=C1)C2=CC=C(C=C2)C(=O)[O-],C1=CC=C(C=C1)C2=CC=C(C=C2)C(=O)[O-],<rdkit.Chem.rdchem.Mol object at 0x000002B6C1D96880>,215.86899028546858,1897.8127489349308,2082.120576154296,0.10367746842220897,0.91148071378278,3.261555262973025,0.004222379103999252,0.9946109704510413,0.7209186856787383,0.043419997357394484,0.33838544690021366
oxalate,none,C(=O)(C(=O)[O-])[O-],C(=O)(C(=O)[O-])[O-],<rdkit.Chem.rdchem.Mol object at 0x000002B6C1D968F0>,84.30614830998043,137.57043778947104,221.87658607053157,0.3799686564637363,0.620031343666606,1.587705647091679,0.00735452106514045,0.9249993622187764,0.29322257023690673,1.9203187839034226e-10,1.0357715983635276e-05
malonate,repellent,C(C(=O)O)C(=O)O,C(C(=O)O)C(=O)O,<rdkit.Chem.rdchem.Mol object at 0x000002B6C1D96960>,79.3201150022172,294.3855625103066,370.4661858011025,0.2141089201722797,0.7946354452666772,1.890939471633298,0.010018082364662041,0.9768097922843835,0.4940753974499135,0.09601096741203809,0.19319940132460756
adipate,none,C(CCC(=O)[O-])CC(=O)[O-],C(CCC(=O)[O-])CC(=O)[O-],<rdkit.Chem.rdchem.Mol object at 0x000002B6C1D969D0>,157.72293225670043,915.4383051034013,941.9689200052055,0.16743963511644186,0.9718349360171484,2.6440239613521483,0.006161659069560334,0.9858823299928207,0.5860387172835191,0.3815420764015059,0.6735486788463438
sebacate,none,C(CCCCC(=O)[O-])CCCC(=O)[O-],C(CCCCC(=O)[O-])CCCC(=O)[O-],<rdkit.Chem.rdchem.Mol object at 0x000002B6C1D96A40>,473.0903400743185,1966.2095181740235,2156.532959122193,0.21937542761548506,0.9117456377640341,3.3876474052274124,0.001927212543846925,0.975640518715025,0.4828789297429333,0.32703020495531054,0.877551293338666
n-valeramide,repellent,CCCCC(=O)N,CCCCC(=O)N,<rdkit.Chem.rdchem.Mol object at 0x000002B6C1D96AB0>,84.3082105751626,410.14847966471456,459.4974814056355,0.18347915709408852,0.8926022367087654,2.1715406382483415,0.01058737020533713,0.9830236003840614,0.5480579498319621,0.24557099016182948,0.5253313718952995
methyl acetate,none,CC(=O)OC,CC(=O)OC,<rdkit.Chem.rdchem.Mol object at 0x000002B6C1D96B20>,49.35156526332855,130.09918008382007,172.88545482846442,0.2854581683132036,0.7525166313898612,1.5421125791556654,0.015248080326826643,0.9583911696918282,0.3803981425272766,0.20210521030966458,0.38005629954065157
amyl acetate,none,CCCCCOC(=O)C,CCCCCOC(=O)C,<rdkit.Chem.rdchem.Mol object at 0x000002B6C1D96B90>,90.91822289188299,886.2744632525352,934.3862243245586,0.09730261483425144,0.9485097705643059,2.7095508621795226,0.010432559506714545,0.9952548423124689,0.7368884586695934,0.16405183844623045,0.5486091298279918
methyl propionate,none,CCC(=O)OC,CCC(=O)OC,<rdkit.Chem.rdchem.Mol object at 0x000002B6C1D96C00>,81.7961807628133,211.10709824141338,258.4918672763503,0.31643618665714557,0.8166875827304907,1.7689425527001255,0.009984421951174749,0.9486137990636042,0.3301444242977197,0.28970993185993266,0.5733277135170712
methanol,repellent,CO,CO,<rdkit.Chem.rdchem.Mol object at 0x000002B6C1D96C70>,4.084619447990769,19.528133853386922,20.416746982978687,0.20006220635422922,0.9564762628281285,0.8288903285559275,0.2341653304565792,0.9797831972373673,0.5220581561151599,0.555362549136252,0.3226495238548599
ethanol,repellent,CCO,CCO,<rdkit.Chem.rdchem.Mol object at 0x000002B6C1D96CE0>,14.466583020017136,53.73547896060445,61.35753605232185,0.23577516228293366,0.8757763498648677,1.185810810980791,0.06053788573660225,0.9718076316074371,0.45263597089683966,0.46025293478319085,0.43604956148969914
n-propanol,repellent,CCCO,CCCO,<rdkit.Chem.rdchem.Mol object at 0x000002B6C1D96D50>,34.6909831330795,96.79014694704783,113.43046340682193,0.305834800380381,0.853299405115775,1.4274696754207359,0.02459715257542279,0.9520845943907991,0.3445422184351612,0.5264556735355288,0.5863632100507751
n-butanol,repellent,CCCCO,CCCCO,<rdkit.Chem.rdchem.Mol object at 0x000002B6C1D96DC0>,44.76362478516644,190.28148991430834,212.1459550997625,0.2110039041947143,0.8969366859944499,1.7368210304054685,0.020037177290693237,0.9774852185146268,0.49675352480570095,0.4212429431307431,0.5516239665108602
iso-propanol,repellent,CC(C)O,CC(C)O,<rdkit.Chem.rdchem.Mol object at 0x000002B6C1D96E30>,58.92585074105172,60.67796361517552,103.06107550319622,0.5717566060061566,0.5887573297572828,1.361093907938231,0.009991494774416805,0.8204232953106102,0.1511634671719273,0.5292314534304703,0.5733644899506204
iso-butanol,repellent,CC(C)CO,CC(C)CO,<rdkit.Chem.rdchem.Mol object at 0x000002B6C1D96EA0>,65.49065880015714,140.63353787121702,184.8727992277916,0.35424713139904707,0.7607043245877126,1.6240343782441322,0.011615463006853849,0.9351518432295081,0.285921675248538,0.3963308843066424,0.5528175493218485
iso-amyl alcohol,repellent,CC(C)CCO,CC(C)CCO,<rdkit.Chem.rdchem.Mol object at 0x000002B6C1D96F10>,71.45985913916795,275.56869964864933,320.1714050237349,0.22319250881842648,0.8606911651845389,1.945368372425409,0.012044400528530912,0.9747743862080787,0.47402394901735323,0.3096292193867774,0.5279374507560649
ethylene glycol,repellent,C(CO)O,C(CO)O,<rdkit.Chem.rdchem.Mol object at 0x000002B6C1D96F80>,33.766353398010516,83.52795202768498,99.37188126485607,0.33979786805095286,0.8405592302822341,1.3211334733720388,0.0248933967009822,0.9404984895617999,0.29956103707330023,0.7795289383699302,0.6110876662968983
mercaptoethanol,repellent,C(CS)O,C(CS)O,<rdkit.Chem.rdchem.Mol object at 0x000002B6C1D96FF0>,42.524991605241276,134.5163546890602,158.88252610326563,0.26765052550588336,0.8466403322517124,1.4661548752569706,0.01990924160811269,0.9635160591274152,0.40046484030069623,0.6523790208355988,0.6000851712824228
2-propanethiol,repellent,CC(C)S,CC(C)S,<rdkit.Chem.rdchem.Mol object at 0x000002B6C1D97060>,63.630714911056,113.46422586563975,158.86361016674698,0.4005367550458391,0.7142241432543616,1.4850907042569146,0.011224518603204682,0.9162806927232231,0.2412334656815515,0.4822199729440353,0.5778603756096601
2-amino-2-methyl-1-propanol,none,CC(C)(CO)N,CC(C)(CO)N,<rdkit.Chem.rdchem.Mol object at 0x000002B6C1D970D0>,107.56588947349611,184.74580819275027,192.24809000675137,0.5595160371669681,0.96097603979453,1.6486453597785407,0.00893383622352987,0.8288195244762108,0.1123015411230027,0.6759013471279108,0.8048506070916229
formaldehyde,none,C=O,C=O,<rdkit.Chem.rdchem.Mol object at 0x000002B6C1D97140>,1.7592274724377785,13.411238736648714,15.170466209086483,0.11596396895067562,0.884036031049325,0.7108054083583438,0.5025137709021266,0.9932534207870652,0.6924510194323531,1.6431981468493574e-16,6.68708440411678e-09
acetaldehyde,none,CC=O,CC=O,<rdkit.Chem.rdchem.Mol object at 0x000002B6C1D971B0>,9.727136779650932,47.678618935592255,54.012877442549815,0.18008921650206638,0.8827268827939241,1.1245432699938653,0.09074889176438636,0.9836502803840762,0.5544761809923017,0.37062919940716876,0.29139893316404425
l-norleucine,repellent,CCCCC(C(=O)O)N,CCCC[C@@H](C(=O)O)N,<rdkit.Chem.rdchem.Mol object at 0x000002B6C1D97220>,140.34708375730955,750.8155358559166,834.7994024644495,0.16812072857621185,0.8993963503560253,2.564927437935452,0.006408372203239193,0.985766412809345,0.5787210386718983,0.23290218846291308,0.6321738404656648
l-norvaline,repellent,CCCC(C(=O)O)N,CCC[C@@H](C(=O)O)N,<rdkit.Chem.rdchem.Mol object at 0x000002B6C1D97290>,146.48707904146772,440.53747448632157,541.2906785392868,0.2706255342079306,0.813864882497413,2.194485868055643,0.005555881705218678,0.9626846940897482,0.3966501686395618,0.2536901280217257,0.5773708147566867
p-amino-DL-phenylalanine,repellent,C1=CC(=CC=C1CC(C(=O)O)N)N,C1=CC(=CC=C1CC(C(=O)O)N)N,<rdkit.Chem.rdchem.Mol object at 0x000002B6C1D97300>,271.0436998807683,1154.3640443108493,1306.5069942013217,0.2074567538357952,0.8835498389478744,2.75316819785805,0.0032598058517373635,0.9782441900097921,0.5026119629604948,0.20393535215060335,0.6979487182755051
D-leucine,repellent,CC(C)CC(C(=O)O)N,CC(C)C[C@H](C(=O)O)N,<rdkit.Chem.rdchem.Mol object at 0x000002B6C1D97370>,216.49632875136984,433.88530137246465,529.1117726056268,0.4091693663991394,0.8200257938616324,2.1203483849598657,0.00378771223785218,0.9124584536298225,0.22146915318414745,0.4301779795031597,0.8050666113583599
D-phenylalanine,repellent,C1=CC=C(C=C1)CC(C(=O)O)N,C1=CC=C(C=C1)C[C@H](C(=O)O)N,<rdkit.Chem.rdchem.Mol object at 0x000002B6C1D973E0>,205.3135042338698,1092.9885059205285,1209.801476061324,0.1697084259661315,0.903444513457616,2.755264029554984,0.004400317050886798,0.9854943176680919,0.5756567351788773,0.22893787271905428,0.6605871425962457
D-alpha-aminophenylacetate,repellent,C1=CC=C(C=C1)C(C(=O)O)N,C1=CC=C(C=C1)[C@H](C(=O)O)N,<rdkit.Chem.rdchem.Mol object at 0x000002B6C1D97450>,241.88266888090516,652.7194454513265,710.2349811644224,0.34056710144625824,0.9190190046415345,2.30395957734817,0.0037994413113327614,0.9402202132545832,0.3039786158854264,0.4633207820211712,0.8930116085995955
N-benzoyl-DL-leucine,repellent,CC(C)CC(C(=O)O)NC(=O)C1=CC=CC=C1,CC(C)CC(C(=O)O)NC(=O)C1=CC=CC=C1,<rdkit.Chem.rdchem.Mol object at 0x000002B6C1D974C0>,734.4483144326673,1971.1183146990493,2293.5787794069897,0.3202193537134838,0.8594072862884992,3.2593996321878755,0.0011701399123672273,0.94734342532543,0.3252488722756658,0.32224834245683015,1.0247818220260378
N-methyl-DL-leucine,repellent,CC(C)CC(C(=O)O)NC,CC(C)CC(C(=O)O)NC,<rdkit.Chem.rdchem.Mol object at 0x000002B6C1D97530>,260.1828405080246,630.7308780808391,761.9838206836255,0.34145454725613145,0.8277483864617614,2.3857320754478577,0.0031814103683606757,0.9398982881983083,0.29745750719872244,0.3280122930891384,0.7501314579366951
L-leucine amide,none,CC(C)CC(C(=O)N)N,CC(C)C[C@@H](C(=O)N)N,<rdkit.Chem.rdchem.Mol object at 0x000002B6C1D975A0>,218.66623383230706,435.45595435592327,530.679442434336,0.41204956579670765,0.8205630735541536,2.1331300921581446,0.003752582459454783,0.9111614320891467,0.21858165911954644,0.41163924816262504,0.7854650815918063
L-tryptophan amide,none,C1=CC=C2C(=C1)C(=CN2)CC(C(=O)N)N,C1=CC=C2C(=C1)C(=CN2)C[C@@H](C(=O)N)N,<rdkit.Chem.rdchem.Mol object at 0x000002B6C1D97610>,448.38676680762273,1164.6251652614824,1454.9843060232702,0.3081729232070847,0.8004383005646358,2.7472771775542864,0.001785151480413913,0.9513303576581588,0.3422102974956932,0.1816260193649288,0.6221810892818576
L-leucine ethyl ester,none,CCOC(=O)C(CC(C)C)N,CCOC(=O)[C@H](CC(C)C)N,<rdkit.Chem.rdchem.Mol object at 0x000002B6C1D97680>,282.5006896098588,769.3730472698401,890.3039697532719,0.31730813206207276,0.8641689506147601,2.469553281892825,0.0030589976676099486,0.9483224922605591,0.3293132960554401,0.3082343012670887,0.7868701098348069
L-phenylalanine methyl ester,none,COC(=O)C(CC1=CC=CC=C1)N,COC(=O)[C@H](CC1=CC=CC=C1)N,<rdkit.Chem.rdchem.Mol object at 0x000002B6C1D976F0>,332.95119311033363,1020.5330199682096,1241.0190071870243,0.2682885525379847,0.8223347217553236,2.690420009712411,0.0024698356358879834,0.9633385970556111,0.3999051027666147,0.20222757109128023,0.6741268956810994
tryptamine,repellent,C1=CC=C2C(=C1)C(=CN2)CCN,C1=CC=C2C(=C1)C(=CN2)CCN,<rdkit.Chem.rdchem.Mol object at 0x000002B6C1D97760>,270.3366615234117,812.8951403902148,1038.2192188728193,0.26038495204983064,0.7829706150814316,2.5730198885464737,0.0028962798115105995,0.9655048817825871,0.41540849200167795,0.12313699092842575,0.4718417533410966
DL-amphetamine,none,CC(CC1=CC=CC=C1)N,CC(CC1=CC=CC=C1)N,<rdkit.Chem.rdchem.Mol object at 0x000002B6C1D977D0>,157.29705194013027,650.498172866797,731.6956746766464,0.21497605819474547,0.88902831515885,2.38599296455474,0.0056519070395370675,0.9766193190814164,0.489254239284935,0.23213673732747814,0.6249690365696096
N-acetyl-D-leucine,none,CC(C)CC(C(=O)O)NC(=O)C,CC(C)C[C@H](C(=O)O)NC(=O)C,<rdkit.Chem.rdchem.Mol object at 0x000002B6C1D97840>,396.39139039701513,911.8511953938737,1096.6087649017036,0.36147020075345315,0.8315191566753609,2.6347543633723527,0.002097722545998119,0.9323836624304709,0.27324785945421015,0.3350987479524403,0.8218344370677649
N-acetyl-phenylalanine,none,CC(=O)NC(CC1=CC=CC=C1)C(=O)O,CC(=O)N[C@@H](CC1=CC=CC=C1)C(=O)O,<rdkit.Chem.rdchem.Mol object at 0x000002B6C1D978B0>,423.73361103554663,1527.5153530797738,1765.946947211184,0.23994696539707186,0.8649837162390718,2.9947975000296827,0.0020413384582005914,0.970785997940193,0.4453353038149063,0.19478881375914753,0.7272779804355365
glycyl-L-leucine,none,CC(C)CC(C(=O)O)NC(=O)CN,CC(C)C[C@@H](C(=O)O)NC(=O)CN,<rdkit.Chem.rdchem.Mol object at 0x000002B6C1D97920>,606.5311797013724,941.4919685352215,1339.1791994169437,0.4529126348179885,0.7030365831138442,2.7693806477153147,0.0011591103749356902,0.8915549030891071,0.19364996306578477,0.3224379073632969,0.858204880937394
L-leucyl-glycine,none,CC(C)CC(C(=O)NCC(=O)O)N,CC(C)C[C@@H](C(=O)NCC(=O)O)N,<rdkit.Chem.rdchem.Mol object at 0x000002B6C1D97990>,278.3949176005115,1685.5892686921331,1837.061744314601,0.15154358227865627,0.9175463339263094,3.17757346902553,0.0032958444135210876,0.9884505767463297,0.6135932195510572,0.18519307348675296,0.6836181696458997
L-leucyl-L-leucine,none,CC(C)CC(C(=O)NC(CC(C)C)C(=O)O)N,CC(C)C[C@@H](C(=O)N[C@@H](CC(C)C)C(=O)O)N,<rdkit.Chem.rdchem.Mol object at 0x000002B6C1D97A00>,580.4771158242688,2627.935694799437,2860.320814692613,0.20294126198800197,0.9187555750042152,3.5240429977376055,0.0015827593370319104,0.9791909130413319,0.5128372438149302,0.1912941335344494,0.8332619547243449
indole,repellent,C1=CC=C2C(=C1)C=CN2,C1=CC=C2C(=C1)C=CN2,<rdkit.Chem.rdchem.Mol object at 0x000002B6C1D97A70>,126.5364682917364,300.98370527691446,427.5201735670662,0.2959777716124226,0.704022228391284,1.9103164098709458,0.005563789142337403,0.9551948276196561,0.3748752090277241,1.6774544472381965e-11,3.89068445177563e-06
2-methylindole,repellent,CC1=CC2=CC=CC=C2N1,CC1=CC2=CC=CC=C2N1,<rdkit.Chem.rdchem.Mol object at 0x000002B6C1D97AE0>,127.89031458854113,506.1120298212889,630.6380908164106,0.20279509983765343,0.8025395820383877,2.195523204041158,0.0062752178272481515,0.9792211943589845,0.5143622382701433,0.03407522643720631,0.11381219818417199
skatole,repellent,CC1=CNC2=CC=CC=C12,CC1=CNC2=CC=CC=C12,<rdkit.Chem.rdchem.Mol object at 0x000002B6C1D97B50>,193.6526089512035,380.8728196199299,571.0629855979647,0.3391090192063985,0.6669541350523968,2.089627167633004,0.0034440751336350735,0.9407470824259166,0.3256121988028107,0.039074586414725374,0.10372914013429943
tryptophol,repellent,C1=CC=C2C(=C1)C(=CN2)CCO,C1=CC=C2C(=C1)C(=CN2)CCO,<rdkit.Chem.rdchem.Mol object at 0x000002B6C1D97BC0>,217.31202297359567,927.4214557662948,1137.3516397809728,0.1910684570828463,0.8154219181896061,2.6604984773467284,0.003752309269555156,0.981576713613348,0.5356460917359283,0.05109193861723086,0.21091841733520392
5-methylindole,repellent,CC1=CC2=C(C=C1)NC=C2,CC1=CC2=C(C=C1)NC=C2,<rdkit.Chem.rdchem.Mol object at 0x000002B6C1D97C30>,144.09455859252174,470.60195716938654,611.3424176694044,0.2357018823294603,0.7697845651925201,2.161755787727642,0.005342218142805503,0.9718254075019593,0.45867757350411376,0.03579611145127316,0.11279536220155414
5-hydroxyindole,repellent,C1=CC2=C(C=CN2)C=C1O,C1=CC2=C(C=CN2)C=C1O,<rdkit.Chem.rdchem.Mol object at 0x000002B6C1D97CA0>,142.54963736479493,470.60850939265816,612.5308825750818,0.2327223678347707,0.7683016853194707,2.145381672561628,0.005389713362464266,0.9725432121553148,0.46414670699689003,0.006367197740972009,0.07423753683335896
indole-5-carboxylate,repellent,COC(=O)C1=CC2=C(C=C1)NC=C2,COC(=O)C1=CC2=C(C=C1)NC=C2,<rdkit.Chem.rdchem.Mol object at 0x000002B6C1D97D10>,227.56904181190066,1132.0245017444975,1356.5263047701285,0.1677586649161688,0.8345024329891825,2.7842519274032758,0.0036670296906155995,0.9858280937088092,0.5809668030075972,0.019204452271606016,0.09731294112795079
7-methylindole,repellent,CC1=C2C(=CC=C1)C=CN2,CC1=C2C(=CC=C1)C=CN2,<rdkit.Chem.rdchem.Mol object at 0x000002B6C1D97D80>,224.61494440526425,330.1083533054997,551.2985271262206,0.4074288853556801,0.5987833035329712,2.0532240754741253,0.0026658213019549095,0.9132369371514865,0.2726694337026749,0.0401341277586807,0.10426089901469397
indole-2-carboxylate,none,C1=CC=C2C(=C1)C=C(N2)C(=O)[O-],C1=CC=C2C(=C1)C=C(N2)C(=O)[O-],<rdkit.Chem.rdchem.Mol object at 0x000002B6C1D97DF0>,167.01497987846096,895.7530869022227,1062.7680667762304,0.1571509204120889,0.8428490795921013,2.576042744396033,0.005046547801912462,0.9875745988094434,0.602636474122523,1.256370704659362e-11,4.116773934202216e-06
indole-3-acetate,repellent,C1=CC=C2C(=C1)C(=CN2)CC(=O)[O-],C1=CC=C2C(=C1)C(=CN2)CC(=O)[O-],<rdkit.Chem.rdchem.Mol object at 0x000002B6C1D97E60>,240.0949424298157,1056.6704272635554,1289.566517062826,0.1861826739861908,0.8193997077950465,2.7247661342659613,0.003412815361717053,0.9825151458920883,0.5448934106106448,0.029648822029112502,0.12175096606042468
indole-3-pyruvate,repellent,C1=CC=C2C(=C1)C(=CN2)CC(=O)C(=O)O,C1=CC=C2C(=C1)C(=CN2)CC(=O)C(=O)O,<rdkit.Chem.rdchem.Mol object at 0x000002B6C1D97ED0>,303.6196992965295,1654.5437518340204,1808.5746844959588,0.16787788853803784,0.9148329709674854,3.044451576704891,0.0030130883242658634,0.985807797970786,0.5798589175120447,0.09444678856649562,0.3839476888013394
gramine,repellent,CN(C)CC1=CNC2=CC=CC=C21,CN(C)CC1=CNC2=CC=CC=C21,<rdkit.Chem.rdchem.Mol object at 0x000002B6C1D97F40>,261.60705560826386,1075.9548060713792,1279.1645609112811,0.20451399577697346,0.8411386923546923,2.740195237842324,0.0032152752547096124,0.9788636399066706,0.5081975735316936,0.12274020856809387,0.4873317068496334
6-aminoindole,repellent,C1=CC(=CC2=C1C=CN2)N,C1=CC(=CC2=C1C=CN2)N,<rdkit.Chem.rdchem.Mol object at 0x000002B6C1D98040>,145.07061927199135,469.1800127019858,611.0640609606658,0.23740656428709453,0.7678082261365179,2.153024389964761,0.005292651468571748,0.9714103783846443,0.4560127344199196,0.03735304246254171,0.10246656205682914
7-azaindole,repellent,C1=CC2=C(NC=C2)N=C1,C1=CC2=C(NC=C2)N=C1,<rdkit.Chem.rdchem.Mol object at 0x000002B6C1D980B0>,122.96298763006006,302.1693704912327,425.1323581137898,0.28923460019749453,0.7107653998201541,1.8969917215947452,0.005780319863067456,0.9572582441789653,0.38326616125730106,4.097995885907175e-11,7.3476753304367e-06
adenine,repellent,C1=NC2=NC=NC(=C2N1)N,C1=NC2=NC=NC(=C2N1)N,<rdkit.Chem.rdchem.Mol object at 0x000002B6C1D98120>,218.96700449430313,316.7154994944466,532.9657516756454,0.4108462951059621,0.5942511287051606,1.9885041623322792,0.0027138843593241977,0.911704624205507,0.27130108480431275,0.04698034198407048,0.12966520051851899
methylbenzoate,repellent,COC(=O)C1=CC=CC=C1,COC(=O)C1=CC=CC=C1,<rdkit.Chem.rdchem.Mol object at 0x000002B6C1D98190>,146.44186566305797,609.1333677948628,752.4088236596234,0.19463071279624666,0.8095776506608647,2.353285150450311,0.00552832106443924,0.9808765904212542,0.5292902588849377,0.03118100496864174,0.11300056220005564
ethylbenzoate,repellent,CCC1=CC=CC=C1C(=O)O,CCC1=CC=CC=C1C(=O)O,<rdkit.Chem.rdchem.Mol object at 0x000002B6C1D98200>,334.5038641772781,454.9121559378355,746.6710724289344,0.4479936032463813,0.609253756755298,2.2614719735175783,0.0018213653772095435,0.8940367618002762,0.2284348128390718,0.15962775441775953,0.4537801212213076
benzyl alcohol,repellent,C1=CC=C(C=C1)CO,C1=CC=C(C=C1)CO,<rdkit.Chem.rdchem.Mol object at 0x000002B6C1D98270>,108.78285194886442,329.54209650908626,404.261003910652,0.26909063920720666,0.8151716176461092,1.9737808301655373,0.007493567258461813,0.9631148570607023,0.3989708587998037,0.15152844291059814,0.3502874151836004
salicylate,repellent,C1=CC=C(C(=C1)C(=O)O)[O-],C1=CC=C(C(=C1)C(=O)O)[O-],<rdkit.Chem.rdchem.Mol object at 0x000002B6C1D982E0>,207.40184005048687,414.2600121996923,621.1597383935303,0.3338945318427725,0.666913817162505,2.128866836244277,0.00321556364688067,0.94261044000451,0.33250353892880424,0.005921694947969267,0.07081141475856337
thiosalicylate,repellent,C1=CC=C(C(=C1)C(=O)O)S,C1=CC=C(C(=C1)C(=O)O)S,<rdkit.Chem.rdchem.Mol object at 0x000002B6C1D98350>,319.325229935361,435.58235631440294,750.9704678347107,0.42521676099471434,0.5800259463868491,2.209794050741084,0.0018164112698024525,0.9050915457395258,0.2639741774497789,0.04695731993805845,0.2053584794674895
anthranilic acid,repellent,C1=CC=C(C(=C1)C(=O)O)N,C1=CC=C(C(=C1)C(=O)O)N,<rdkit.Chem.rdchem.Mol object at 0x000002B6C1D983C0>,214.02809819595547,419.9490791174817,630.3673616396466,0.3395291558865733,0.6661973710459144,2.1470334713294212,0.003112663134706598,0.9405955306628621,0.32531344370117676,0.0483467734861679,0.16217570584399102
m-chlorobenzoate,repellent,C1=CC(=CC(=C1)Cl)C(=O)[O-],C1=CC(=CC(=C1)Cl)C(=O)[O-],<rdkit.Chem.rdchem.Mol object at 0x000002B6C1D98430>,218.30746508896408,720.2763877960458,938.5838528778137,0.23259239376386723,0.7674076062437999,2.4563348615212726,0.0035152604879135395,0.9725743048030798,0.46452048361757137,1.4985989434244353e-11,4.031626001104915e-06
m-nitrobenzoate,repellent,C1=CC(=CC(=C1)[N+](=O)[O-])C(=O)[O-],C1=CC(=CC(=C1)[N+](=O)[O-])C(=O)[O-],<rdkit.Chem.rdchem.Mol object at 0x000002B6C1D984A0>,264.88957332894535,837.3785470991423,1102.2681203727175,0.24031319461491493,0.7596868054353181,2.5759837550726337,0.002867937744351769,0.9706954045909427,0.45231171066463,5.431403391344472e-11,7.074982195452717e-06
saccharin,repellent,C1=CC=C2C(=C1)C(=O)NS2(=O)=O,C1=CC=C2C(=C1)C(=O)NS2(=O)=O,<rdkit.Chem.rdchem.Mol object at 0x000002B6C1D98510>,395.28685099519856,579.909417805378,876.4217469722247,0.4510235538549751,0.6616784896184876,2.2480822180753512,0.0016739198077360912,0.8925120469035857,0.20621084866177164,0.08229053658899234,0.15156466577094077
p-aminobenzoate,repellent,C1=CC(=CC=C1C(=O)[O-])N,C1=CC(=CC=C1C(=O)[O-])N,<rdkit.Chem.rdchem.Mol object at 0x000002B6C1D98580>,131.1690102469909,629.8610949014019,760.9374410336665,0.17237817877486664,0.8277435974839024,2.36434460634435,0.006310511880247197,0.9850308439243209,0.5719973317920385,0.0012748505470422757,0.027675753158333677
p-hydroxybenzoate,repellent,C1=CC(=CC=C1C(=O)O)[O-],C1=CC(=CC=C1C(=O)O)[O-],<rdkit.Chem.rdchem.Mol object at 0x000002B6C1D985F0>,130.21795245828864,634.5809852006361,764.1428238447794,0.17041048923694382,0.8304481379642437,2.361236964880165,0.006377370572081853,0.9853731603600869,0.5758136286399996,0.007653089694847735,0.08170364927089431
p-toluic acid,repellent,CC1=CC=C(C=C1)C(=O)O,CC1=CC=C(C=C1)C(=O)O,<rdkit.Chem.rdchem.Mol object at 0x000002B6C1D98660>,131.78352889696626,645.3186914651236,773.3017139557755,0.17041670349188293,0.8344979453931856,2.3861547749579435,0.006332338740493359,0.9853720856463104,0.5754699283006516,0.03978294868807044,0.1811857973013743
nalidixic acid,repellent,CCN1C=C(C(=O)C2=C1N=C(C=C2)C)C(=O)O,CCN1C=C(C(=O)C2=C1N=C(C=C2)C)C(=O)O,<rdkit.Chem.rdchem.Mol object at 0x000002B6C1D986D0>,629.7206232393038,1430.6760280983583,2011.7424785397247,0.3130224817325539,0.7111626082165603,2.960934018531154,0.0011293303442379196,0.949745716457828,0.3484618190223132,0.08827293862737902,0.42634685891913565
hippuric acid,none,C1=CC=C(C=C1)C(=O)NCC(=O)O,C1=CC=C(C=C1)C(=O)NCC(=O)O,<rdkit.Chem.rdchem.Mol object at 0x000002B6C1D98740>,233.98820626092743,1443.0350718237123,1673.411647859,0.1398270452821917,0.8623311984651018,3.057714193684087,0.00368536180624202,0.9901759426524418,0.6390512585944673,0.02272720022812133,0.11445874637271877
phenol,repellent,C1=CC=C(C=C1)O,C1=CC=C(C=C1)O,<rdkit.Chem.rdchem.Mol object at 0x000002B6C1D987B0>,88.46457750830012,194.63444377252716,281.405226190223,0.31436721593969347,0.6916518445928189,1.731784309350216,0.007818404428913088,0.9493014555673693,0.3516375824976737,0.02996001337310148,0.14505175856721605
folic acid,repellent,C1=CC(=CC=C1C(=O)NC(CCC(=O)O)C(=O)O)NCC2=CN=C3C(=N2)C(=O)NC(=N3)N,C1=CC(=CC=C1C(=O)N[C@@H](CCC(=O)O)C(=O)O)NCC2=CN=C3C(=N2)C(=O)NC(=N3)N,<rdkit.Chem.rdchem.Mol object at 0x000002B6C1D98820>,895.5657522582112,17557.36758526351,17720.5780259235,0.05053817945148768,0.990789778955222,6.401211898820496,0.0011063283477030011,0.9987221297326544,0.8570324685033085,0.10061756218807745,0.9248511256289301
methylsalicylate,repellent,COC(=O)C1=CC=CC=C1O,COC(=O)C1=CC=CC=C1O,<rdkit.Chem.rdchem.Mol object at 0x000002B6C1D98890>,235.04012168819298,614.0326435371173,844.1110437743077,0.27844692167187934,0.7274311218481023,2.3588618385515585,0.003094923184277113,0.9604516186729316,0.395929017126307,0.04204403502361152,0.21130795658825635
aspirin,repellent,CC(=O)OC1=CC=CC=C1C(=O)O,CC(=O)OC1=CC=CC=C1C(=O)O,<rdkit.Chem.rdchem.Mol object at 0x000002B6C1D98900>,446.01705540649044,686.0594653048821,1027.0896010157626,0.4342533065911603,0.6679645715684286,2.447935945502563,0.0014976211413253243,0.9007908001942758,0.21946263290192944,0.09488243694844684,0.39542707238834107
p-aminosalicylate,repellent,C1=CC(=C(C=C1N)[O-])C(=O)O,C1=CC(=C(C=C1N)[O-])C(=O)O,<rdkit.Chem.rdchem.Mol object at 0x000002B6C1D98970>,205.79895074861216,654.5457069303798,856.5484159438289,0.2402654034703254,0.7641666188935009,2.3754758589411216,0.0037131706265448694,0.9707072349041402,0.4516393685154535,0.04318626617606054,0.1748159055523305
saligenin,none,C1=CC=C(C(=C1)CO)O,C1=CC=C(C(=C1)CO)O,<rdkit.Chem.rdchem.Mol object at 0x000002B6C1D989E0>,187.82338616068202,337.22641576794126,489.82747297662905,0.38344804349029143,0.688459578877135,2.0217974516993777,0.003665462501502135,0.923562449400942,0.265666058036718,0.14826851321374912,0.3311552252538219
gentisic acid,none,C1=CC(=C(C=C1O)C(=O)O)O,C1=CC(=C(C=C1O)C(=O)O)O,<rdkit.Chem.rdchem.Mol object at 0x000002B6C1D98A50>,265.1592062933059,573.7644711291681,836.9227316120614,0.3168263882408383,0.6855644487323174,2.3316920910760675,0.0025854823534732572,0.9484835474135888,0.34994466775002375,0.023085600679238334,0.13219750809020767
sodium sulfide,repellent,[Na+].[Na+].[S-2],[Na+].[Na+].[S-2],<rdkit.Chem.rdchem.Mol object at 0x000002B6C1D98AC0>,0.0,0.0,0.0,0.0,0.0,0.0,0.0,0.0,0.0,0.0,0.0
cobalt sulfate,repellent,[O-]S(=O)(=O)[O-].[Co+2],[O-]S(=O)(=O)[O-].[Co+2],<rdkit.Chem.rdchem.Mol object at 0x000002B6C1D98B30>,99.39944985220073,107.76047693392019,114.0884133218772,0.8712492965588491,0.9445348024071119,1.0179939644312037,0.009502414790137791,0.4908407717842016,0.0063122797497964815,0.869185797320932,0.43247300625065144
nickel sulfate,repellent,[O-]S(=O)(=O)[O-].[Ni+2],[O-]S(=O)(=O)[O-].[Ni+2],<rdkit.Chem.rdchem.Mol object at 0x000002B6C1D98BA0>,99.39944856341165,107.76047668464722,114.08841201320223,0.8712492952562897,0.9445348110566851,1.0187830210870985,0.009502415000362113,0.490840774096263,0.006312279927385245,0.869185797320932,0.43247300625065144
magnesium sulfate,none,[O-]S(=O)(=O)[O-].[Mg+2],[O-]S(=O)(=O)[O-].[Mg+2],<rdkit.Chem.rdchem.Mol object at 0x000002B6C1D98C10>,99.39921077634123,107.76043069278634,114.08817055855835,0.8712490549168929,0.9445364069316534,1.1551797551165024,0.009502453787655924,0.49084120070183707,0.0063123126959519,0.869185797320932,0.43247300625065144
chromic chloride,repellent,Cl[Cr](Cl)Cl,Cl[Cr](Cl)Cl,<rdkit.Chem.rdchem.Mol object at 0x000002B6C1D98C80>,220.22193612360363,253.68941788797633,374.0524603902906,0.5887461237223826,0.6782188188877942,1.6362805638252775,0.0030797060039792373,0.8083180078421296,0.10923181147968485,0.2933682258333528,0.4277387473845933
copper chloride,repellent,Cl[Cu]Cl,Cl[Cu]Cl,<rdkit.Chem.rdchem.Mol object at 0x000002B6C1D98CF0>,48.36612815409344,236.09932090379988,284.46544905789324,0.17002461393562832,0.8299753860643719,1.4545582872200677,0.017160261069897684,0.9854398158467317,0.5766512662249935,0.0,0.0
nickel chloride,repellent,Cl[Ni]Cl,Cl[Ni]Cl,<rdkit.Chem.rdchem.Mol object at 0x000002B6C1D98D60>,46.52589183779984,235.18253093348338,281.70842277128327,0.1651561972485779,0.8348438027514219,1.474344896539419,0.017943638902439163,0.9862674234255072,0.5863611167230997,0.0,0.0
sodium bicarbonate,none,C(=O)(O)[O-].[Na+],C(=O)(O)[O-].[Na+],<rdkit.Chem.rdchem.Mol object at 0x000002B6C1D98DD0>,41.77093105972344,52.05391535894338,93.5096774704239,0.44670169109432695,0.5566687509472746,1.0559388279523214,0.013326702010816044,0.8946829601448036,0.25652186404906435,0.013995579591496195,0.06353666955469835
sodium phosphate,none,[O-]P(=O)([O-])[O-].[Na+].[Na+].[Na+],[O-]P(=O)([O-])[O-].[Na+].[Na+].[Na+],<rdkit.Chem.rdchem.Mol object at 0x000002B6C1D98E40>,109.91468881652405,113.07985802451691,121.19204778440302,0.9069463782975179,0.9330633493847926,1.0245649919215636,0.008488977764767328,0.4212460882821531,0.0034272696891173753,0.8871880776682961,0.39159291036705546
sodium sulfate,none,[O-]S(=O)(=O)[O-].[Na+].[Na+],[O-]S(=O)(=O)[O-].[Na+].[Na+],<rdkit.Chem.rdchem.Mol object at 0x000002B6C1D98EB0>,99.39937406968139,107.76046227634556,114.08833637018574,0.8712492199654603,0.9445353110127933,1.0633969665235943,0.009502427151610138,0.4908409077385226,0.006312290192519442,0.8691857973209322,0.3706911482148441
penicillin,none,CC1(C(N2C(S1)C(C2=O)NC(=O)CC3=CC=CC=C3)C(=O)O)C,CC1(C(N2C(S1)C(C2=O)NC(=O)CC3=CC=CC=C3)C(=O)O)C,<rdkit.Chem.rdchem.Mol object at 0x000002B6C1D98F20>,766.273519339531,5150.162996248487,5521.318608278602,0.138784513936687,0.932777722431448,4.135463699792403,0.0012172908222581288,0.990322603342647,0.6415835182550936,0.17281750379099178,0.8840019365371712
streptomycin,none,CC1C(C(C(O1)OC2C(C(C(C(C2O)O)N=C(N)N)O)N=C(N)N)OC3C(C(C(C(O3)CO)O)O)NC)(C=O)O,C[C@H]1[C@@]([C@H]([C@@H](O1)O[C@@H]2[C@H]([C@@H]([C@H]([C@@H]([C@H]2O)O)N=C(N)N)O)N=C(N)N)O[C@H]3[C@H]([C@@H]([C@H]([C@@H](O3)CO)O)O)NC)(C=O)O,<rdkit.Chem.rdchem.Mol object at 0x000002B6C1D98F90>,3904.1160424257123,8111.029947760809,10501.102492089009,0.3717815386876638,0.7723979414419812,4.399752907758645,0.0001978419527105228,0.9283202505014275,0.2640364934721636,0.22654426368894662,1.0525981503359174
caffeine,none,CN1C=NC2=C1C(=O)N(C(=O)N2C)C,CN1C=NC2=C1C(=O)N(C(=O)N2C)C,<rdkit.Chem.rdchem.Mol object at 0x000002B6C1D99000>,453.5877214312141,705.2695034262749,1148.6253658043804,0.3948961384059,0.614011778272349,2.437453363682126,0.0013536781294144068,0.9187257696789114,0.2790830422663095,0.07118215990733938,0.27560588618758564
sodium dodecyl sulfate,none,CCCCCCCCCCCCOS(=O)(=O)[O-].[Na+],CCCCCCCCCCCCOS(=O)(=O)[O-].[Na+],<rdkit.Chem.rdchem.Mol object at 0x000002B6C1D99070>,451.5201832112959,5602.721034252324,5655.07324125458,0.07984338379870849,0.9907424351960042,4.505722110257715,0.002194237316590499,0.9968074207506544,0.7820777453692276,0.2028474588749084,0.9006406190860612
Triton X-100,none,CC(C)(C)CC(C)(C)C1=CC=C(C=C1)OCCO,CC(C)(C)CC(C)(C)C1=CC=C(C=C1)OCCO,<rdkit.Chem.rdchem.Mol object at 0x000002B6C1D990E0>,441.59489019672196,3225.906529334551,3302.3978408032385,0.13371947036196988,0.9768376449004452,3.730754750086492,0.002212067364423721,0.9910192244583927,0.6563442257810954,0.21934063414905994,0.897908167267741
alpha-methyl-DL-aspartate,attractant,CC(CC(=O)O)(C(=O)O)N,CC(CC(=O)O)(C(=O)O)N,<rdkit.Chem.rdchem.Mol object at 0x000002B6C1D99150>,284.0320228886514,475.7595686325674,546.5693118046896,0.5196633194623028,0.8704469101305393,2.107006968137509,0.0030646083539382428,0.8543711338788436,0.12973242016691208,0.5857128798102276,0.8046271359971756
AMPA,attractant,CC1=C(C(=O)NO1)CC(C(=O)O)N,CC1=C(C(=O)NO1)CC(C(=O)O)N,<rdkit.Chem.rdchem.Mol object at 0x000002B6C1D991C0>,357.38986270788433,1019.2975985916453,1248.4307598054668,0.28627127287665805,0.8164630601944431,2.6552663102872875,0.0022845165612931395,0.9581486097289803,0.37281437850713484,0.2489582612834083,0.6221053563952501
guanidinosuccinic acid,attractant,C(C(C(=O)O)N=C(N)N)C(=O)O,C([C@@H](C(=O)O)N=C(N)N)C(=O)O,<rdkit.Chem.rdchem.Mol object at 0x000002B6C1D99230>,325.4223238937611,855.9040244382425,969.4436247372674,0.3356794718021432,0.8828816886285721,2.4779032909239724,0.0027130335683940416,0.9419762694519613,0.3065691349099245,0.39287185621295373,0.7880011536255354
N-methyl-L-aspartate,attractant,CNC(CC(=O)O)C(=O)O,CN[C@@H](CC(=O)O)C(=O)O,<rdkit.Chem.rdchem.Mol object at 0x000002B6C1D992A0>,311.14832450675584,478.6866644907733,725.6116852743402,0.428808315551198,0.6597008761095005,2.2693668896636523,0.002120213493533296,0.9033954994984998,0.2271386976348313,0.1892684075254996,0.46701191109619805
N-formyl-L-aspartate,attractant,C(C(C(=O)O)NC=O)C(=O)O,C([C@@H](C(=O)O)NC=O)C(=O)O,<rdkit.Chem.rdchem.Mol object at 0x000002B6C1D99310>,395.4142136490891,584.3883089497864,869.6109546830792,0.4547024293101204,0.6720112089236051,2.3957236436687572,0.0016995120198688215,0.8906434195453727,0.19993725433069176,0.2958353449827376,0.6236852198087172
L-malic acid,none,C(C(C(=O)O)O)C(=O)O,C([C@@H](C(=O)O)O)C(=O)O,<rdkit.Chem.rdchem.Mol object at 0x000002B6C1D99380>,190.24139663966588,430.3007853848211,560.4873797397973,0.3394213741761397,0.7677260915037649,2.098563182445064,0.004035536455600704,0.9406344299207748,0.3034907797663974,0.23232361929895443,0.4650029848694259
L-cystathionine,none,C(CSCC(C(=O)O)N)C(C(=O)O)N,C(CSC[C@@H](C(=O)O)N)[C@@H](C(=O)O)N,<rdkit.Chem.rdchem.Mol object at 0x000002B6C1D993F0>,537.7115128374861,2279.2870659486643,2419.86919469137,0.22220685069139276,0.9419050711290056,3.432292485479401,0.0017516922153267712,0.974999546413132,0.4809785384626789,0.2776707876861641,0.8354088298110207
chlorflurenol,none,C1=CC=C2C(=C1)C3=C(C2(C(=O)O)O)C=C(C=C3)Cl,C1=CC=C2C(=C1)C3=C(C2(C(=O)O)O)C=C(C=C3)Cl,<rdkit.Chem.rdchem.Mol object at 0x000002B6C1D99460>,796.8991205248275,1750.8511090584652,2321.44907763595,0.3432765888349145,0.7542061232036356,3.056069691691966,0.0009464260955727057,0.9392343602945248,0.30029471600414176,0.12087680201160736,0.37742738790049163
N-2-nitrophenylsulfenyl-L-leucine,none,CC(C)CC(C(=O)O)NSC1=CC=CC=C1[N+](=O)[O-],CC(C)C[C@@H](C(=O)O)NSC1=CC=CC=C1[N+](=O)[O-],<rdkit.Chem.rdchem.Mol object at 0x000002B6C1D994D0>,730.2042841098958,2872.5092047744934,3297.296866581079,0.22145542656795544,0.8711709381973113,3.483318489014854,0.0011930509819717795,0.9751704948590298,0.4772041655176711,0.13383038781528883,0.7088991439356915
glycyl-D-valine,none,CC(C)C(C(=O)O)NC(=O)CN,CC(C)[C@H](C(=O)O)NC(=O)CN,<rdkit.Chem.rdchem.Mol object at 0x000002B6C1D99540>,412.1540976419292,815.703808450318,1012.7482258454371,0.4069660031227061,0.8054359293193257,2.5359675200477865,0.001954210655498739,0.9134433054669182,0.22404653270710848,0.2903153459840561,0.7504761537558369
2-aminoethyl hydrogen sulfate,none,C(COS(=O)(=O)O)N,C(COS(=O)(=O)O)N,<rdkit.Chem.rdchem.Mol object at 0x000002B6C1D995B0>,129.65189368827322,589.6429782093463,591.2825696090299,0.21927230794914543,0.9972270594738355,2.1546611541527914,0.0076915734209907095,0.9756636997278597,0.49452037232371193,0.32899132623447297,0.6764219304561699
2-(2-hydroxy-1-naphthylmethyleneamino)benzoic acid,none,C1=CC=C2C(=C1)C=CC(=C2C=NC3=CC=CC=C3C(=O)O)O,C1=CC=C2C(=C1)C=CC(=C2C=NC3=CC=CC=C3C(=O)O)O,<rdkit.Chem.rdchem.Mol object at 0x000002B6C1D99620>,914.7286181094752,2815.6613005079607,3612.847934806299,0.2531876886643772,0.779346751182574,3.5502103440441783,0.0008519977791809957,0.9674171769762981,0.42760488264139757,0.07273220320851341,0.49754506789010455
2-(4-(methylsulfonyl)phenyl)acetic acid,none,CS(=O)(=O)C1=CC=C(C=C1)CC(=O)O,CS(=O)(=O)C1=CC=C(C=C1)CC(=O)O,<rdkit.Chem.rdchem.Mol object at 0x000002B6C1D99690>,267.9926052425327,1970.7107952744086,1975.3055009271143,0.13567147214278993,0.9976739265644989,3.1360315231547813,0.003722766625077607,0.9907538804600304,0.6548293613275349,0.2795208032949822,0.9026621986247889
1-(2-nitro-phenylazo)-naphthalen-2-ol,none,C1=CC=C2C(=C1)C=CC(=C2N=NC3=CC=CC=C3[N+](=O)[O-])O,C1=CC=C2C(=C1)C=CC(=C2N=NC3=CC=CC=C3[N+](=O)[O-])O,<rdkit.Chem.rdchem.Mol object at 0x000002B6C1D99700>,991.862795981492,2943.52095202047,3214.066663423233,0.3086005673961599,0.9158244866288459,3.4912313333739426,0.0009233378752981627,0.9511917208443145,0.34512047287850206,0.2497319190515925,0.839785576060722
"2,2'-dinitrobibenzyl",none,C1=CC=C(C(=C1)CCC2=CC=CC=C2[N+](=O)[O-])[N+](=O)[O-],C1=CC=C(C(=C1)CCC2=CC=CC=C2[N+](=O)[O-])[N+](=O)[O-],<rdkit.Chem.rdchem.Mol object at 0x000002B6C1D99770>,863.6115158218413,2258.342551197347,2996.8612017192595,0.28817200987700026,0.7535692843905369,3.352175541031578,0.0008725790133465455,0.9575786613764166,0.37614623038492945,0.08027726330698406,0.43227048689009556
1-anthracenesulfonic acid,none,C1=CC=C2C=C3C(=CC2=C1)C=CC=C3S(=O)(=O)O,C1=CC=C2C=C3C(=CC2=C1)C=CC=C3S(=O)(=O)O,<rdkit.Chem.rdchem.Mol object at 0x000002B6C1D997E0>,698.502293704553,1778.4600717499065,2357.537922405909,0.29628464809241295,0.7543717769489607,3.0591465012079673,0.0010799846811498646,0.9550996844857375,0.36402256035285446,0.06895010107464303,0.253859228566933
1-amino-cyclohexanecarboxylic acid,repellent,C1CCC(CC1)(C(=O)O)N,C1CCC(CC1)(C(=O)O)N,<rdkit.Chem.rdchem.Mol object at 0x000002B6C1D99850>,234.4415890660501,475.32477766996533,526.7405543884171,0.4450798160742594,0.9023888016783725,2.077939981991354,0.0038490986401910933,0.8954909029818804,0.19112075393236325,0.7175308813288361,0.998031325749425
L-alanyl-L-proline,none,CC(C(=O)N1CCCC1C(=O)O)N,C[C@@H](C(=O)N1CCC[C@H]1C(=O)O)N,<rdkit.Chem.rdchem.Mol object at 0x000002B6C1D998C0>,455.54143720539304,681.137908771734,947.7622021563874,0.48064950909513643,0.7186801786587196,2.365795473703465,0.0015776395294961575,0.8769127946418641,0.16767421621612302,0.3484747580396505,0.799624958727068
cis-1-boc-4-amino-L-proline,none,CC(C)(C)OC(=O)N1CC(CC1C(=O)O)N,CC(C)(C)OC(=O)N1C[C@H](C[C@H]1C(=O)O)N,<rdkit.Chem.rdchem.Mol object at 0x000002B6C1D99930>,648.8454626958477,1424.4746510407936,1870.3836261525853,0.34690501650216815,0.7615949108638023,2.9263355344736164,0.0011737693405445095,0.9379002663000104,0.2948139314298656,0.2657306623589341,0.7913348747796426
H-asp(Ochex)-OH,none,C1CCC(CC1)OC(=O)CC(C(=O)O)N,C1CCC(CC1)OC(=O)C[C@@H](C(=O)O)N,<rdkit.Chem.rdchem.Mol object at 0x000002B6C1D999A0>,333.0475781157861,2024.8951897858842,2135.4024424018344,0.15596478279812423,0.9482499174761386,3.2307200253935844,0.002847190551094395,0.9877626164857294,0.6065376327832223,0.19773931374323037,0.7712088550801699
3-(cyclohexylamino)-2-hydroxy-1-propanesulfonic acid,none,C1CCC(CC1)NCC(CS(=O)(=O)O)O,C1CCC(CC1)NCC(CS(=O)(=O)O)O,<rdkit.Chem.rdchem.Mol object at 0x000002B6C1D99A10>,346.8536656492203,2737.958107932274,2758.119502472293,0.12575730142885813,0.9926901664260932,3.5085874568493103,0.002861985513597021,0.9920610370019233,0.675573633604745,0.25789638015992106,0.8294743262349407
D-glucosamine-3-sulfate,none,C(C1C(C(C(C(O1)O)N)OS(=O)(=O)O)O)O,C([C@@H]1[C@H]([C@@H]([C@H]([C@@H](O1)O)N)OS(=O)(=O)O)O)O,<rdkit.Chem.rdchem.Mol object at 0x000002B6C1D99A80>,696.4117774959443,1511.9775602992986,1886.4780344265146,0.3691597595026608,0.8014816672694186,2.8103296562944795,0.0011508732235277085,0.9293659515841635,0.2649885444005125,0.3457980452886192,0.7927916396488441
"2,5-anhydro-D-mannitol-1-phosphate",none,C(C1C(C(C(O1)COP(=O)(O)O)O)O)O,C([C@@H]1[C@H]([C@@H]([C@H](O1)COP(=O)(O)O)O)O)O,<rdkit.Chem.rdchem.Mol object at 0x000002B6C1D99AF0>,421.7110470485165,2123.197596839077,2140.555736655548,0.19701007538696808,0.991890825583644,3.09774318467809,0.002352062703895756,0.9804014637871679,0.5329231764517429,0.3562039189895727,0.8440502721450299
1-deoxy-1-nitro-L-mannitol,none,C(C(C(C(C(CO)O)O)O)O)[N+](=O)[O-],C([C@@H]([C@@H]([C@H]([C@H](CO)O)O)O)O)[N+](=O)[O-],<rdkit.Chem.rdchem.Mol object at 0x000002B6C1D99B60>,371.3847001449963,1434.921445934132,1631.3905010610674,0.2276491740655871,0.8795695727055228,2.853005884986974,0.0023683516643580645,0.9737432174589233,0.4666409757475709,0.3094092606815567,0.7577268610873875
"1,4-dinitro-1,1,4,4-tetrachlorobutane",none,C(CC([N+](=O)[O-])(Cl)Cl)C([N+](=O)[O-])(Cl)Cl,C(CC([N+](=O)[O-])(Cl)Cl)C([N+](=O)[O-])(Cl)Cl,<rdkit.Chem.rdchem.Mol object at 0x000002B6C1D99BD0>,730.2106182942691,1965.6042519167008,2031.0865621552691,0.35951723176161077,0.9677599608708541,2.875197728624699,0.001325316198676331,0.9331384463553456,0.2884731193855139,0.4162737026630112,0.7148662684775635
TAPS,none,C(CNC(CO)(CO)CO)CS(=O)(=O)O,C(CNC(CO)(CO)CO)CS(=O)(=O)O,<rdkit.Chem.rdchem.Mol object at 0x000002B6C1D99C40>,365.9510018088987,2569.523670058593,2575.7702929133598,0.14207439336330915,0.9975748525122938,3.3655478033937762,0.0027259792911654116,0.9898559828330825,0.6412807136822772,0.32342746426618013,0.8614113174332564
"2,4-diamino-pentanedioic acid",none,C(C(C(=O)O)N)C(C(=O)O)N,C(C(C(=O)O)N)C(C(=O)O)N,<rdkit.Chem.rdchem.Mol object at 0x000002B6C1D99CB0>,308.2505090536494,614.3955896755629,746.0677061316712,0.41316693715630043,0.8235118403143026,2.2684235692918366,0.002671566846207461,0.910655303636278,0.21744281274693741,0.48900139856761643,0.8683409665097007
melatonin,repellent,CC(=O)NCCC1=CNC2=C1C=C(C=C2)OC,CC(=O)NCCC1=CNC2=C1C=C(C=C2)OC,<rdkit.Chem.rdchem.Mol object at 0x000002B6C1D99D20>,638.5397363965764,2211.9658795100654,2788.3615508357234,0.22900177209988934,0.793285174530935,3.4839524662819317,0.0012423426911653487,0.973426005598325,0.4673193701970753,0.07283106130479694,0.4721514886811013
serotonin,none,C1=CC2=C(C=C1O)C(=CN2)CCN,C1=CC2=C(C=C1O)C(=CN2)CCN,<rdkit.Chem.rdchem.Mol object at 0x000002B6C1D99D90>,427.5814394848942,843.6959187281205,1260.4581332731473,0.3392270065920827,0.6693565589022921,2.680203690776992,0.0015654481160563554,0.9407045434133797,0.3246729458577611,0.06683592443676292,0.2866008666514778
spermidine,repellent,C(CCNCCCN)CN,C(CCNCCCN)CN,<rdkit.Chem.rdchem.Mol object at 0x000002B6C1D99E00>,227.09063747246745,1144.6881249111889,1286.3768220525417,0.17653508177341212,0.8898544386742957,3.024942544758808,0.003918499012457887,0.9842943487104122,0.5616209212823436,0.19332719048902283,0.7210613431393049
putrescine,none,C(CCN)CN,C(CCN)CN,<rdkit.Chem.rdchem.Mol object at 0x000002B6C1D99E70>,33.456505887946385,416.552975326154,435.5249563565784,0.0768188031469647,0.9564388199722557,2.2411282917272404,0.028587528631220237,0.9970450699356914,0.78753686445784,0.18928047075076262,0.47952662373918226
dopamine,attractant,C1=CC(=C(C=C1CCN)O)O,C1=CC(=C(C=C1CCN)O)O,<rdkit.Chem.rdchem.Mol object at 0x000002B6C1D99EE0>,188.66196531789475,915.4887775102181,1057.6243679569614,0.17838277089089546,0.8656086274550293,2.656365359533493,0.004588145925420006,0.9839611715150585,0.5578855677611859,0.14424703286727136,0.5065883165544985
epinephrine,none,CNCC(C1=CC(=C(C=C1)O)O)O,CNC[C@@H](C1=CC(=C(C=C1)O)O)O,<rdkit.Chem.rdchem.Mol object at 0x000002B6C1D99F50>,300.26698049278883,1250.669859511901,1489.273926972012,0.20161971216624391,0.8397849696158717,2.880486319359443,0.0027967942670141174,0.9794638797148167,0.5136785644757313,0.128863026792535,0.5037909799218144
norepinephrine,repellent,C1=CC(=C(C=C1C(CN)O)O)O,C1=CC(=C(C=C1[C@H](CN)O)O)O,<rdkit.Chem.rdchem.Mol object at 0x000002B6C1D99FC0>,258.67199534662103,939.575700812744,1035.8978885534066,0.24970800520488268,0.9070157504856265,2.5696041605213136,0.003506431955535904,0.9683211823236122,0.43153684653850144,0.23356683242233106,0.578272766490315
"3,4-dihydroxymandelic acid",attractant,C1=CC(=C(C=C1C(C(=O)O)O)O)O,C1=CC(=C(C=C1C(C(=O)O)O)O)O,<rdkit.Chem.rdchem.Mol object at 0x000002B6C1D9A030>,317.19059261986445,1041.5748234638609,1293.1718167972408,0.2452810898751573,0.8054419450955075,2.683393099086512,0.0025392996004165403,0.9694520034275318,0.43811262781284077,0.13047080750161472,0.4307562595595834
